,Date,Open,High,Low,Close,Adjusted_Close,Volume
0,2017-02-21,27.057501,27.807501,27.055,27.7675,27.406269,55195200
1,2017-02-22,27.855,27.950001,27.497499,27.690001,27.364267,43377200
2,2017-02-23,26.375,26.5975,24.92,25.122499,24.826973,159288800
3,2017-02-24,24.2675,25.5,23.924999,25.365,25.06662,102990400
4,2017-02-27,25.549999,26.254999,25.389999,26.102501,25.795441,71540000
5,2017-02-28,26.200001,26.299999,25.195,25.370001,25.071562,62536000
6,2017-03-01,25.9475,26.092501,25.2775,25.6975,25.395212,50480400
7,2017-03-02,25.567499,25.709999,24.7225,24.75,24.458857,75433200
8,2017-03-03,24.6425,24.692499,24.055,24.6075,24.318031,86469200
9,2017-03-06,24.24,24.525,23.7925,24.4175,24.130264,88356800
10,2017-03-07,24.4175,24.8825,24.2875,24.684999,24.394619,60340000
11,2017-03-08,25.174999,25.325001,24.6175,24.639999,24.350145,63871200
12,2017-03-09,24.477501,24.862499,24.35,24.635,24.345207,47806000
13,2017-03-10,24.9025,25.022499,24.594999,24.780001,24.488503,49974000
14,2017-03-13,24.885,25.5625,24.877501,25.4625,25.162971,77413600
15,2017-03-14,25.592501,25.6875,25.1175,25.445,25.145681,52201600
16,2017-03-15,25.5625,25.747499,25.08,25.637501,25.335918,61503600
17,2017-03-16,25.745001,25.9575,25.602501,25.952499,25.647209,52310000
18,2017-03-17,26.129999,26.530001,25.952499,26.5175,26.205563,111968800
19,2017-03-20,26.695,27.4025,26.532499,27.362499,27.040621,74856800
20,2017-03-21,27.1875,27.49,26.397499,26.477501,26.166031,91348400
21,2017-03-22,26.365,27.065001,26.325001,27.0175,26.699682,61676400
22,2017-03-23,26.9375,27.139999,26.674999,26.772499,26.457565,53394000
23,2017-03-24,27.2425,27.3225,26.605,26.8675,26.551445,43950000
24,2017-03-27,26.395,27.102501,25.895,27.0625,26.744156,50664400
25,2017-03-28,27.075001,27.2225,26.817499,26.922501,26.605797,43244400
26,2017-03-29,26.997499,27.122499,26.8125,26.834999,26.519325,34999200
27,2017-03-30,26.907499,27.5,26.85,27.35,27.028273,52553200
28,2017-03-31,27.252501,27.4725,27.1,27.2325,26.912155,44080800
29,2017-04-03,27.237499,27.4125,26.855,27.094999,26.776268,44523200
30,2017-04-04,25.85,26.105,25.084999,25.195,24.898623,127128000
31,2017-04-05,25.004999,25.592501,24.875,25.0075,24.713324,74704800
32,2017-04-06,25.059999,25.3125,24.602501,25.190001,24.893675,63512000
33,2017-04-07,25.254999,25.432501,24.93,25.0825,24.787443,42906800
34,2017-04-10,25.09,25.157499,24.4,24.442499,24.154972,75633200
35,2017-04-11,24.137501,24.725,24.0875,24.530001,24.241442,61814800
36,2017-04-12,24.530001,24.674999,24.275,24.327499,24.041328,41409200
37,2017-04-13,24.0825,24.3025,23.872499,23.872499,23.591677,50689200
38,2017-04-17,24.002501,24.809999,23.950001,24.807501,24.515676,49729200
39,2017-04-18,24.6625,24.885,24.4,24.8225,24.530497,37011600
40,2017-04-19,25,25.245001,24.852501,24.92,24.626852,38082800
41,2017-04-20,25.067499,25.362499,24.852501,25.315001,25.017212,40401600
42,2017-04-21,25.209999,25.4475,25.09,25.42,25.120974,34189600
43,2017-04-24,25.74,25.870001,25.5275,25.737499,25.434738,37182000
44,2017-04-25,25.885,26.3325,25.6675,26.184999,25.876976,38844000
45,2017-04-26,26.3225,26.3475,25.985001,26.004999,25.699091,32700400
46,2017-04-27,26.08,26.495001,25.897499,26.41,26.099329,31970000
47,2017-04-28,26.34,26.41,26.0175,26.075001,25.768265,34824800
48,2017-05-01,26.184999,26.7125,26.112499,26.66,26.346388,30773200
49,2017-05-02,26.387501,26.4,25.639999,25.870001,25.56568,62997200
50,2017-05-03,25.799999,26.16,25.65,26.0625,25.755915,33690400
51,2017-05-04,26.125,26.237499,25.8825,25.9625,25.657085,20978800
52,2017-05-05,25.844999,26.0375,25.6875,25.965,25.659561,22842800
53,2017-05-08,26.084999,26.1,25.577499,25.692499,25.390268,36524000
54,2017-05-09,25.75,26.2325,25.665001,25.735001,25.432268,84767200
55,2017-05-10,28.5725,30.455,28.504999,30.3225,29.965803,212909600
56,2017-05-11,30.012501,32.607498,29.977501,31.625,31.252979,193979200
57,2017-05-12,31.657499,32.400002,31.445,31.9725,31.596394,96262000
58,2017-05-15,32.389999,33.602501,32.345001,33.577499,33.182514,108754000
59,2017-05-16,34.095001,34.360001,33.34,34.202499,33.800167,112070000
60,2017-05-17,33.525002,33.715,31.887501,31.93,31.554398,127136800
61,2017-05-18,32.375,33.357498,31.762501,33.267502,32.87616,115603200
62,2017-05-19,34.2575,34.555,33.805,34,33.635429,101837200
63,2017-05-22,34.442501,34.869999,34.3325,34.724998,34.352657,83660800
64,2017-05-23,34.924999,34.947498,33.927502,34.2575,33.890175,68124800
65,2017-05-24,35.240002,35.267502,34.52,34.642502,34.271046,81599600
66,2017-05-25,35,35.0075,34.110001,34.564999,34.194363,60822800
67,2017-05-26,34.482498,36.32,34.2775,35.459999,35.079773,77914000
68,2017-05-30,35.924999,36.572498,35.762501,36.217499,35.829147,98965200
69,2017-05-31,36.672501,36.75,35.512501,36.087502,35.70055,88731600
70,2017-06-01,36.247501,36.2575,35.630001,36.09,35.703022,50334000
71,2017-06-02,36.060001,36.325001,35.849998,35.91,35.524952,48745600
72,2017-06-05,35.744999,37.1325,35.627499,37.002499,36.60574,81737600
73,2017-06-06,36.955002,37.422501,36.700001,36.834999,36.440037,75872800
74,2017-06-07,37.0825,37.470001,36.924999,37.279999,36.880249,61261200
75,2017-06-08,38.365002,40,37.947498,39.985001,39.556259,116174400
76,2017-06-09,41.185001,42.125,35.6875,37.400002,36.99897,369292800
77,2017-06-12,36.470001,37.924999,35.5275,37.4925,37.090481,169753200
78,2017-06-13,38.599998,38.692501,36.412498,37.849998,37.444145,167250400
79,2017-06-14,37.880001,38.514999,37.125,37.93,37.523289,118464000
80,2017-06-15,36.740002,38.400002,36.625,38.092499,37.684044,96382400
81,2017-06-16,38.189999,38.674999,37.560001,37.904999,37.49855,92496000
82,2017-06-19,38.352501,39.3825,38.314999,39.330002,38.908279,77817600
83,2017-06-20,39.7575,40.435001,39.23,39.272499,38.851402,109544400
84,2017-06-21,39.552502,39.904999,38.924999,39.8675,39.44001,68265200
85,2017-06-22,39.950001,40.084999,39.349998,39.592499,39.167961,46913200
86,2017-06-23,39.669998,39.830002,38.305,38.4575,38.045132,108858800
87,2017-06-26,38.790001,39.150002,37.0825,38.037498,37.629639,106396000
88,2017-06-27,37.860001,37.947498,36.587502,36.645,36.252071,99949200
89,2017-06-28,37.330002,37.985001,36.4375,37.9375,37.530712,99494800
90,2017-06-29,37.650002,37.68,36.02,36.669998,36.276806,106442400
91,2017-06-30,36.845001,36.982498,35.875,36.139999,35.75248,73106000
92,2017-07-03,36.262501,36.412498,34.645,34.8325,34.459003,70907200
93,2017-07-05,35.474998,36.055,35.282501,35.762501,35.379028,82018800
94,2017-07-06,35.467499,36.345001,34.939999,35.869999,35.485378,74628400
95,2017-07-07,36.445,36.875,36.212502,36.689999,36.296581,65497200
96,2017-07-10,37.435001,38.5,37.169998,38.424999,38.012993,95849200
97,2017-07-11,38.462502,39.047501,38.037498,38.970001,38.552143,75795600
98,2017-07-12,39.575001,40.75,39.139999,40.627499,40.191868,114520800
99,2017-07-13,40.75,41.575001,39.6875,40.157501,39.726898,136913200
100,2017-07-14,40.322498,41.252499,40.252499,41.237499,40.795322,94194800
101,2017-07-17,41.5825,41.875,40.4375,41.0625,40.622208,93079200
102,2017-07-18,40.445,41.637501,40.325001,41.490002,41.04512,77664000
103,2017-07-19,41.5825,41.849998,41.1525,41.275002,40.83242,68704400
104,2017-07-20,41.482498,41.877499,40.977501,41.875,41.425987,69959600
105,2017-07-21,41.6675,42.325001,41.522499,42.025002,41.574383,64833200
106,2017-07-24,42.0975,42.195,41.43,41.537498,41.09211,65252400
107,2017-07-25,41.305,41.482498,40.895,41.337502,40.894257,49655600
108,2017-07-26,41.919998,42.482498,41.462502,41.814999,41.366634,64040400
109,2017-07-27,42.067501,42.185001,39.389999,40.435001,40.001427,78285600
110,2017-07-28,40.072498,41.345001,39.82,41.0975,40.656826,51334800
111,2017-07-31,41.235001,41.599998,40.154999,40.627499,40.191868,55967200
112,2017-08-01,40.532501,41.139999,40.25,41.122501,40.681561,43138400
113,2017-08-02,41.4375,41.477501,40.317501,41.0975,40.656826,47844400
114,2017-08-03,41.092499,41.657501,40.919998,41.619999,41.173729,44242000
115,2017-08-04,41.849998,42.517502,41.619999,41.802502,41.354271,58909600
116,2017-08-07,42.0975,43.092499,42,43.087502,42.625492,71741200
117,2017-08-08,43.4725,43.639999,42.177502,42.575001,42.118492,75533600
118,2017-08-09,42.107498,43.052502,41.9175,43.0275,42.566135,53078400
119,2017-08-10,43.040001,43.165001,41.0825,41.185001,40.743389,132808800
120,2017-08-11,39.285,39.75,38.227501,38.990002,38.57193,149719600
121,2017-08-14,39.9175,42.137501,39.799999,42.099998,41.648579,127902000
122,2017-08-15,42.1525,42.4175,41.397499,41.744999,41.297375,76453200
123,2017-08-16,41.897499,42.134998,40.959999,41.287498,40.844791,59663200
124,2017-08-17,41.202499,41.375,40.345001,40.3675,39.93465,52544400
125,2017-08-18,40.9175,41.09,39.91,40.375,39.942074,60120400
126,2017-08-21,40.622501,40.737499,39.342499,39.787498,39.360863,62367200
127,2017-08-22,40.122501,40.697498,39.927502,40.637501,40.237156,45045600
128,2017-08-23,40.299999,41.5625,40.212502,41.450001,41.041645,57952000
129,2017-08-24,41.775002,41.82,41.029999,41.297501,40.890652,46970000
130,2017-08-25,41.5425,41.645,40.887501,40.952499,40.549053,35720000
131,2017-08-28,41.145,41.275002,40.5825,41.2425,40.836193,38949600
132,2017-08-29,40.647499,41.395,40.564999,41.174999,40.769352,32409600
133,2017-08-30,41.375,41.532501,41.067501,41.419998,41.01194,38440000
134,2017-08-31,41.625,42.400002,41.549999,42.360001,41.942684,61268400
135,2017-09-01,42.487499,42.974998,42.400002,42.615002,42.195171,44543200
136,2017-09-05,42.095001,42.145,40.889999,41.477501,41.068878,69536400
137,2017-09-06,41.810001,41.950001,41.099998,41.452499,41.044125,39767200
138,2017-09-07,41.622501,41.9725,41.237499,41.645,41.234734,35286800
139,2017-09-08,41.5275,41.677502,40.677502,40.922501,40.519341,49885600
140,2017-09-11,41.384998,42.357498,41.330002,42.25,41.833782,56744400
141,2017-09-12,42.5,42.5,41.7425,42.4025,41.984768,41148800
142,2017-09-13,42.147499,42.884998,41.82,42.592499,42.172886,58096000
143,2017-09-14,42.197498,43.139999,41.950001,42.349998,41.932785,51371200
144,2017-09-15,43.215,45.0275,43.162498,45.0275,44.583897,136479200
145,2017-09-18,46.285,47.799999,46.215,46.887501,46.425583,168446000
146,2017-09-19,46.377499,47.462502,46.154999,46.837502,46.37608,87428000
147,2017-09-20,46.875,47.355,46.052502,46.459999,46.002293,72492000
148,2017-09-21,45.41,45.674999,44.4025,45.189999,44.744804,107560000
149,2017-09-22,45.075001,45.577499,44.650002,44.75,44.309135,49123200
150,2017-09-25,44.4375,44.450001,42.540001,42.75,42.328838,87458000
151,2017-09-26,44.112499,44.669998,42.587502,42.990002,42.566483,112562000
152,2017-09-27,43.904999,44.067501,43.1875,43.932499,43.499695,71372000
153,2017-09-28,44.005001,44.044998,43.439999,43.919998,43.48732,43524400
154,2017-09-29,44.77,44.932499,44.3125,44.692501,44.252209,61909200
155,2017-10-02,45.200001,45.494999,44.25,44.75,44.309135,50348000
156,2017-10-03,44.8125,45.145,44.395,44.842499,44.400719,39033200
157,2017-10-04,44.904999,45.442501,44.535,45.217499,44.772038,42784800
158,2017-10-05,45.465,45.5,44.889999,45.192501,44.74728,43736400
159,2017-10-06,44.912498,45.459999,44.75,45.325001,44.878475,31880000
160,2017-10-09,45.697498,46.682499,45.5075,46.3475,45.890896,56349200
161,2017-10-10,47.857498,48.237499,46.814999,47.232498,46.767174,97487600
162,2017-10-11,47.400002,47.75,46.935001,47.735001,47.264732,52950800
163,2017-10-12,47.77,48.272499,47.482498,47.7575,47.28701,52829200
164,2017-10-13,48.387501,48.75,47.912498,48.647499,48.16824,62872800
165,2017-10-16,48.950001,49.512501,48.310001,49.482498,48.995003,57664000
166,2017-10-17,49.272499,49.724998,49.087502,49.4375,48.950455,47859600
167,2017-10-18,49.5275,49.535,48.330002,49.395,48.908379,56731600
168,2017-10-19,48.610001,49.5,48.112499,49.450001,48.962826,57077200
169,2017-10-20,49.622501,49.897499,49.134998,49.224998,48.740055,45162000
170,2017-10-23,49.445,49.712502,48.950001,49.154999,48.670738,42869600
171,2017-10-24,49.247501,49.6875,48.985001,49.669998,49.180672,40724400
172,2017-10-25,49.27,49.805,47.7925,48.415001,47.938034,82816000
173,2017-10-26,48.695,49.040001,48.452499,48.922501,48.440533,32274400
174,2017-10-27,49.450001,50.467499,49.1875,50.465,49.967842,57219200
175,2017-10-30,50.465,51.522499,50.305,50.959999,50.457962,50405600
176,2017-10-31,51.282501,51.9725,51.224998,51.702499,51.193142,41190800
177,2017-11-01,52.337502,52.4925,51.150002,51.799999,51.289684,50257600
178,2017-11-02,51.5,51.952499,50.912498,51.485001,50.977795,34230800
179,2017-11-03,51.799999,52.172501,51.334999,52.172501,51.658512,35364000
180,2017-11-06,51.799999,52.494999,51.674999,52.407501,51.891201,38994400
181,2017-11-07,52.637501,53.224998,52.514999,53.0075,52.485283,42770000
182,2017-11-08,52.962502,53,51.810001,52.290001,51.774853,52298800
183,2017-11-09,51.317501,51.5825,50.092499,51.330002,50.824318,97856400
184,2017-11-10,53.27,54.6675,52.907501,54.035,53.50267,125325600
185,2017-11-13,54.035,54.2925,53.002499,53.157501,52.633808,58237600
186,2017-11-14,53.25,53.700001,52.807499,53.544998,53.017483,52929200
187,2017-11-15,52.987499,53,51.950001,52.494999,51.977833,50194800
188,2017-11-16,53.244999,53.549999,52.8125,52.9025,52.381329,44176800
189,2017-11-17,53.48,53.837502,52.6875,52.84,52.319443,51566400
190,2017-11-20,52.997501,53.642502,52.625,53.52,52.992741,39610000
191,2017-11-21,53.922501,54.130001,53.599998,54.012501,53.480385,39917600
192,2017-11-22,54.25,54.25,53.4025,53.732498,53.240105,35664000
193,2017-11-24,53.897499,54.25,53.650002,54.240002,53.742962,18075200
194,2017-11-27,54.327499,54.34,53.502499,53.535,53.044418,42289600
195,2017-11-28,53.587502,53.682499,52.060001,52.677502,52.194775,51275200
196,2017-11-29,52.502499,52.529999,47.807499,49.105,48.655014,139678800
197,2017-11-30,49.799999,50.669998,49.162498,50.177502,49.71769,82376800
198,2017-12-01,49.827499,50.032501,48.1175,49.419998,48.967133,81154800
199,2017-12-04,50.012501,50.075001,46.125,46.665001,46.237373,124084400
200,2017-12-05,45.599998,48.174999,45.145,46.935001,46.504906,98148800
201,2017-12-06,46.424999,47.535,46.209999,47.314999,46.88142,46703200
202,2017-12-07,47.990002,48.400002,47.529999,47.997501,47.557667,54260000
203,2017-12-08,48.502499,48.695,47.787498,47.872501,47.433819,46687600
204,2017-12-11,48.014999,48.695,47.855,48.665001,48.219051,37274800
205,2017-12-12,48.224998,48.459999,47.4725,47.709999,47.272793,45501600
206,2017-12-13,48.125,48.137501,46.470001,46.544998,46.118465,55428000
207,2017-12-14,46.48,47.334999,46.150002,46.6175,46.190308,43816400
208,2017-12-15,47.0625,48.095001,46.404999,47.889999,47.451141,67003600
209,2017-12-18,48.299999,49.505001,48,49.474998,49.021629,47770400
210,2017-12-19,49.380001,49.432499,48.740002,49.0275,48.578217,37310000
211,2017-12-20,49.424999,49.517502,48.637501,49.200001,48.749146,28882000
212,2017-12-21,49.235001,49.487499,48.887501,48.9725,48.523724,30090400
213,2017-12-22,48.599998,48.912498,47.8125,48.817501,48.370148,46627600
214,2017-12-26,48.2575,49.4375,47.955002,49.360001,48.907673,35508000
215,2017-12-27,49.224998,49.9925,49.077499,49.2925,48.840797,32948800
216,2017-12-28,49.532501,49.845001,49.287498,49.349998,48.897766,24024800
217,2017-12-29,49.615002,49.615002,48.375,48.375,47.931709,27996400
218,2018-01-02,48.945,49.875,48.625,49.837502,49.380798,35561600
219,2018-01-03,51.025002,53.424999,50.9375,53.1175,52.630745,91470400
220,2018-01-04,53.939999,54.512501,53.172501,53.397499,52.908173,58326800
221,2018-01-05,53.547501,54.227501,52.77,53.849998,53.356533,58012400
222,2018-01-08,55.099998,56.25,54.645,55.5,54.991421,88121600
223,2018-01-09,55.555,55.955002,54.66,55.485001,54.976543,49700000
224,2018-01-10,54.549999,55.955002,54,55.919998,55.407562,58266400
225,2018-01-11,56.25,56.567501,55.802502,56.02,55.506645,40603200
226,2018-01-12,55.900002,56.247501,55.334999,55.744999,55.234165,35991600
227,2018-01-16,56.012501,56.877499,54.172501,55.0275,54.523243,70234800
228,2018-01-17,55.174999,56.279999,54.224998,56.18,55.66518,53840800
229,2018-01-18,55.985001,56.66,55.669998,56.110001,55.595825,40863200
230,2018-01-19,57.022499,57.772499,56.75,57.5275,57.000332,60938000
231,2018-01-22,57.607498,58.439999,57.025002,58.422501,57.887138,55094400
232,2018-01-23,58.962502,59.9575,58.775002,59.727501,59.180176,47522800
233,2018-01-24,59.759998,60.122501,58.387501,58.950001,58.409798,57997200
234,2018-01-25,59.5,59.9375,58.9375,59.087502,58.546036,40988400
235,2018-01-26,59.529999,60.834999,59.400002,60.8325,60.275051,51635600
236,2018-01-29,60.685001,62.0275,60.1525,61.712502,61.146984,45511600
237,2018-01-30,60.2775,61.605,59.602501,60.68,60.123932,57083200
238,2018-01-31,61.442501,62.317501,61.112499,61.450001,60.886887,47857600
239,2018-02-01,59.630001,61.724998,59.514999,60.125,59.574032,51922400
240,2018-02-02,59.25,59.4925,57.7925,58.380001,57.84502,71846400
241,2018-02-05,56.75,58.307499,51.25,53.424999,52.935429,116520400
242,2018-02-06,51.099998,56.424999,51,56.395,55.878208,111480000
243,2018-02-07,57.395,58.7425,56.674999,57.200001,56.675838,80293200
244,2018-02-08,58.470001,58.805,54.377499,54.380001,53.881668,114400000
245,2018-02-09,59.5625,59.7225,54.380001,58.02,57.488316,167460400
246,2018-02-12,58.84,58.869999,56.2575,57.0075,56.485104,109317200
247,2018-02-13,56.639999,58.625,56.3125,58.157501,57.624557,62552400
248,2018-02-14,57.75,60.647499,57.637501,60.355,59.801918,74498800
249,2018-02-15,61.197498,62.092499,60.380001,61.625,61.060287,69890000
250,2018-02-16,61.349998,62.5,60.8675,60.959999,60.401375,63765600
251,2018-02-20,61.1875,62.967499,61.150002,62.27,61.699379,68624000
252,2018-02-21,62.922501,62.9925,60.34,60.377499,59.824207,89229200
253,2018-02-22,60.682499,61.407501,59.875,60.537498,60.020027,53436400
254,2018-02-23,61.142502,61.482498,60.630001,61.482498,60.956947,41530000
255,2018-02-26,61.950001,61.994999,61.014999,61.645,61.118061,46931200
256,2018-02-27,61.375,62.227501,61.282501,61.514999,60.98917,45543600
257,2018-02-28,61.625,62.025002,60.3825,60.5,59.982853,52311600
258,2018-03-01,60.477501,61.022499,57.029999,58.052502,57.556267,104012000
259,2018-03-02,56.965,59.200001,55.462502,59.134998,58.629517,91342800
260,2018-03-05,58.627499,59.3125,57.380001,58.912498,58.408916,62077600
261,2018-03-06,59.775002,60.735001,59.34,60.540001,60.022507,63680800
262,2018-03-07,59.5,60.987499,59.487499,60.459999,59.94318,58120800
263,2018-03-08,60.737499,60.737499,59.8475,60.294998,59.779602,41191200
264,2018-03-09,60.775002,61.462502,60.612499,61.3325,60.808228,50552400
265,2018-03-12,61.75,63.25,61.6675,62.439999,61.906265,60506000
266,2018-03-13,62.872501,63.625,61.509998,61.927502,61.398151,61977200
267,2018-03-14,62.362499,62.637501,61.555,62.185001,61.653442,50549600
268,2018-03-15,62.322498,63.154999,61.91,62.334999,61.802162,40195200
269,2018-03-16,62.5,62.8125,62.119999,62.619999,62.084724,39945600
270,2018-03-19,62.044998,62.337502,59.25,60.25,59.734978,71377200
271,2018-03-20,60.279999,62.787498,60.279999,62.395,61.861645,55469600
272,2018-03-21,62.330002,63,61.8325,62.139999,61.608826,43868800
273,2018-03-22,61.5,61.970001,60.084999,60.462502,59.94566,55119600
274,2018-03-23,60.599998,60.625,58.130001,58.2425,57.744644,73562000
275,2018-03-26,59.5,61.1325,58.974998,61.119999,60.597546,61142400
276,2018-03-27,61.9375,62.5,54.962502,56.380001,55.898067,140900000
277,2018-03-28,56.032501,57.3475,54.25,55.337502,54.864483,94590400
278,2018-03-29,56.0275,58.875,55.174999,57.897499,57.402592,91662800
279,2018-04-02,57.185001,58.662498,54.375,55.262501,54.790115,92209200
280,2018-04-03,56.950001,57.587502,55.337502,56.337502,55.855927,66743200
281,2018-04-04,53.752499,56.665001,53.5,56.560001,56.07653,78916800
282,2018-04-05,57.150002,57.282501,54.622501,55.345001,54.87191,70124000
283,2018-04-06,54.307499,55.400002,53.267502,53.5625,53.104649,66298800
284,2018-04-09,54.200001,55.4925,53.650002,53.852501,53.39217,49952400
285,2018-04-10,56.18,57.25,55.602501,56.977501,56.490463,76167600
286,2018-04-11,56.827499,57.244999,56.23,56.560001,56.07653,46024400
287,2018-04-12,57.5,58.830002,57.052502,58.650002,58.148666,59392000
288,2018-04-13,59.2925,59.377499,57.387501,57.875,57.38028,50303600
289,2018-04-16,57.942501,58.209999,56.919998,57.872501,57.377815,35079200
290,2018-04-17,58.400002,59.599998,57.837502,59.384998,58.87738,44722400
291,2018-04-18,58.875,59.8125,58.192501,59.092499,58.587379,39136400
292,2018-04-19,57.9375,58.275002,56.700001,57.259998,56.770542,47199600
293,2018-04-20,57.172501,58.025002,56.862499,57.177502,56.688747,38620000
294,2018-04-23,57.357498,57.875,55.7075,55.970001,55.491573,42750800
295,2018-04-24,56.23,57.200001,54.639999,55.299999,54.827297,41459600
296,2018-04-25,55,55.395,52.575001,54.165001,53.701992,58849200
297,2018-04-26,55.799999,56.387501,55.1325,56.305,55.823704,37582400
298,2018-04-27,57.375,57.575001,56.154999,56.5825,56.098835,40084800
299,2018-04-30,56.747501,57.25,56.029999,56.224998,55.744389,32784400
300,2018-05-01,56.142502,56.8125,55.549999,56.785,56.299603,25378800
301,2018-05-02,56.75,57.200001,56.3125,56.577499,56.09388,26824800
302,2018-05-03,56.900002,58.512501,56.442501,58.247501,57.749599,44314400
303,2018-05-04,57.9575,59.797501,57.782501,59.764999,59.254139,40066000
304,2018-05-07,60.822498,62.747501,60.7225,62.169998,61.638569,68761600
305,2018-05-08,62.172501,62.627499,61.677502,62.599998,62.064892,50661600
306,2018-05-09,62.802502,63.967499,62.5275,63.945,63.398399,59676000
307,2018-05-10,64.480003,65.125,64.300003,65.032501,64.476608,99408000
308,2018-05-11,63.195,64.947502,62.634998,63.6325,63.088573,121445600
309,2018-05-14,64.017502,64.622498,63.599998,63.84,63.294289,52314000
310,2018-05-15,63.197498,63.224998,60.375,61.389999,60.865242,96352800
311,2018-05-16,61,62.130001,60.627499,61.502499,60.97678,55382800
312,2018-05-17,61.52,62.875,61.357498,61.927502,61.398151,51978400
313,2018-05-18,62.452499,63.092499,61.435001,61.485001,60.959427,48371600
314,2018-05-21,62.470001,62.5075,60.122501,61.060001,60.538063,64062400
315,2018-05-22,61.195,61.450001,60.0625,60.674999,60.156353,51826400
316,2018-05-23,60.07,61.897499,60.0625,61.884998,61.393955,44295600
317,2018-05-24,61.8475,62.349998,61.310001,61.922501,61.43116,43737200
318,2018-05-25,62.049999,62.485001,61.689999,62.32,61.825504,29211200
319,2018-05-29,62.137501,62.834999,61.674999,62.147499,61.654366,35268400
320,2018-05-30,62.487499,63.334999,62.237499,63.247501,62.74564,39099600
321,2018-05-31,62.924999,63.799999,62.817501,63.047501,62.54723,49386800
322,2018-06-01,63.5,64.467499,63.412498,64.404999,63.893959,42196800
323,2018-06-04,64.75,66.434998,64.425003,66.212502,65.687111,64202400
324,2018-06-05,66.245003,66.647499,65.792503,66.267502,65.741684,39171200
325,2018-06-06,65.357498,66.32,65.192497,66.287498,65.76152,37135600
326,2018-06-07,66.25,66.370003,64.8125,65.724998,65.203484,36944800
327,2018-06-08,64.989998,66,64.800003,65.57,65.049721,36045600
328,2018-06-11,65.442497,65.862503,65.025002,65.154999,64.638008,26537200
329,2018-06-12,65.422501,65.767502,64.915001,65.644997,65.124115,31916000
330,2018-06-13,65.660004,66.417503,65.5075,65.599998,65.079483,33820800
331,2018-06-14,66.055,67.300003,65.904999,66.727501,66.198029,43001600
332,2018-06-15,66.150002,66.870003,65.837502,66.315002,65.788803,43226000
333,2018-06-18,65.870003,66.449997,65.595001,66.272499,65.746643,35626800
334,2018-06-19,65.230003,65.910004,63.755001,65.042503,64.526405,59493200
335,2018-06-20,65.457497,66.112503,65.07,65.577499,65.057152,36978000
336,2018-06-21,65.900002,66.084999,64.199997,64.277496,63.767456,35951600
337,2018-06-22,64.487503,64.622498,62.5825,62.737499,62.239697,43416000
338,2018-06-25,61.662498,61.700001,58.884998,59.779999,59.305653,66581600
339,2018-06-26,60.924999,61.412498,59.977501,60.497501,60.017464,47888400
340,2018-06-27,60.9375,61.607498,58.875,58.93,58.462402,45389200
341,2018-06-28,58.830002,60.334999,58.752499,60.215,59.737202,33801200
342,2018-06-29,60.872501,61,59.212502,59.224998,58.755058,39230000
343,2018-07-02,58.522499,60.5975,58.314999,60.560001,60.079464,35757200
344,2018-07-03,60.91,60.970001,59.125,59.209999,58.740177,22273200
345,2018-07-05,59.767502,60.732498,59.375,60.682499,60.200989,30621600
346,2018-07-06,60.435001,61.9175,60.220001,61.8325,61.341873,29635200
347,2018-07-09,62.5825,62.68,61.517502,62.3125,61.818066,30388000
348,2018-07-10,62.4375,63.535,62.029999,63.3125,62.810127,36001600
349,2018-07-11,62.375,62.724998,61.775002,61.8825,61.391468,36750800
350,2018-07-12,62.34,63.2925,62.240002,62.807499,62.309128,34550800
351,2018-07-13,62.994999,62.994999,61.904999,62.330002,61.835415,24698800
352,2018-07-16,62.049999,62.584999,61.924999,62.049999,61.557644,19703600
353,2018-07-17,61.552502,63.575001,61.294998,63.422501,62.91925,36213600
354,2018-07-18,63.3475,63.487499,62.41,62.924999,62.425701,27764000
355,2018-07-19,62.735001,63.3475,62.5825,63.0075,62.507553,23575200
356,2018-07-20,62.982498,63.375,62.612499,62.7225,62.224812,22235200
357,2018-07-23,62.455002,62.4725,60.82,62.352501,61.857754,30158400
358,2018-07-24,62.837502,63.712502,62,62.177502,61.684128,35462000
359,2018-07-25,62.272499,63.095001,61.6875,62.967499,62.467861,31911200
360,2018-07-26,62.764999,64.082497,62.595001,63.709999,63.204464,32512400
361,2018-07-27,64.080002,64.150002,62.459999,63.005001,62.50507,29542000
362,2018-07-30,63.147499,63.2075,60.68,61.032501,60.548214,34034000
363,2018-07-31,60.927502,61.970001,60.535,61.215,60.729267,28398800
364,2018-08-01,61.532501,62.09,60.9725,61.6175,61.128578,28355600
365,2018-08-02,60.897499,62.695,60.302502,62.654999,62.157841,26966800
366,2018-08-03,62.9025,63.264999,62.732498,63.025002,62.524906,21428800
367,2018-08-06,62.897499,63.5425,62.427502,63.5075,63.003578,20750800
368,2018-08-07,64,64.425003,63.73,64.237503,63.727776,25813200
369,2018-08-08,64.25,65.059998,63.897499,64.605003,64.092377,26210000
370,2018-08-09,64.785004,64.8125,64.037498,64.114998,63.606255,20428000
371,2018-08-10,63.287498,64.025002,63.174999,63.697498,63.192066,25639600
372,2018-08-13,63.785,65.25,63.767502,64.029999,63.521931,37520800
373,2018-08-14,65.095001,65.5,64.254997,65.357498,64.838905,46622000
374,2018-08-15,65.567497,65.910004,63.974998,64.769997,64.256065,59113600
375,2018-08-16,65.474998,65.5,63.752499,64.360001,63.849319,80126000
376,2018-08-17,63.235001,63.2425,60.932499,61.205002,60.719349,114318800
377,2018-08-20,60.794998,63.299999,59.68,61.959999,61.468349,85438800
378,2018-08-21,62.125,63.375,61.924999,63.330002,62.827488,67398800
379,2018-08-22,63,65.754997,62.965,65.705002,65.183647,74985600
380,2018-08-23,65.315002,67.370003,65.175003,66.709999,66.180679,72068400
381,2018-08-24,66.794998,68.202499,66.75,68.055,67.515015,53151200
382,2018-08-27,68.355003,69.724998,68.037498,68.974998,68.427704,50577600
383,2018-08-28,68.915001,69.144997,67.3825,68.595001,68.050713,47538400
384,2018-08-29,68.480003,69.875,68.269997,69.622498,69.107826,42010800
385,2018-08-30,69.307503,70.43,69.080002,69.452499,68.939095,34660800
386,2018-08-31,69.25,70.300003,69.150002,70.169998,69.651291,30659200
387,2018-09-04,70.037498,71.305,69.75,70.925003,70.400703,39172000
388,2018-09-05,70.747498,71.105003,68.787498,69.605003,69.090462,39315600
389,2018-09-06,69.440002,69.464996,67.847504,68.18,67.675995,32279600
390,2018-09-07,67.25,69.232498,66.797501,67.964996,67.462585,29542000
391,2018-09-10,68.192497,68.982498,67.75,68.682503,68.174789,22014000
392,2018-09-11,68.214996,69.099998,68.004997,68.199997,67.695847,24311200
393,2018-09-12,67.797501,67.995003,65.480003,67.050003,66.554352,41909200
394,2018-09-13,67.714996,68.75,67.540001,67.834999,67.333549,30553600
395,2018-09-14,68.747498,69.775002,68.375,69.107498,68.596649,38693600
396,2018-09-17,68.849998,69.345001,68.287498,68.482498,67.97625,20552800
397,2018-09-18,68.522499,69.559998,67.6875,67.754997,67.254135,29952000
398,2018-09-19,67.567497,68.175003,67.0625,67.995003,67.492363,22486000
399,2018-09-20,66.762497,67.190002,66.025002,66.57,66.077919,43058400
400,2018-09-21,66.690002,67.150002,65.527496,65.862503,65.375626,43512800
401,2018-09-24,65.550003,66.459999,64.669998,66.425003,65.933968,29391200
402,2018-09-25,67.092499,67.355003,66.227501,67.102501,66.606468,28038800
403,2018-09-26,67.152496,67.559998,66.57,66.730003,66.236717,26854800
404,2018-09-27,67.084999,67.300003,66.532501,66.849998,66.35582,21442800
405,2018-09-28,68.182503,70.480003,67.900002,70.254997,69.735657,70939600
406,2018-10-01,71.040001,73.014999,70.650002,72.339996,71.805237,62206000
407,2018-10-02,72.0625,73.190002,71.394997,71.620003,71.090569,38396400
408,2018-10-03,72.330002,72.404999,70.6325,71.682503,71.152611,32055200
409,2018-10-04,71.317497,71.5625,69.044998,69.822502,69.306351,39122000
410,2018-10-05,69.572502,70.199997,66.885002,67.464996,66.966286,42663600
411,2018-10-08,66.625,67.790001,65.019997,66.442497,65.95134,40861200
412,2018-10-09,66.235001,67.190002,65.699997,66.385002,65.894264,27350000
413,2018-10-10,65.315002,65.777496,61.400002,61.422501,60.968449,68494000
414,2018-10-11,60.5425,61.889999,58.564999,58.782501,58.347969,72543600
415,2018-10-12,61.377499,62.384998,59.912498,61.634998,61.179379,60823600
416,2018-10-15,61.5,61.5,58.834999,58.845001,58.410007,44976000
417,2018-10-16,59.982498,61.57,59.485001,61.4575,61.003197,40871200
418,2018-10-17,62.084999,62.470001,60.27,60.764999,60.315807,32966800
419,2018-10-18,61.465,61.852501,59.272499,59.8825,59.439838,52402000
420,2018-10-19,60.439999,60.637501,56.924999,57.2925,56.868984,61360800
421,2018-10-22,57.82,58.830002,56.767502,57.805,57.377701,36884400
422,2018-10-23,55.107498,56.047501,54.177502,55.264999,54.856468,62643600
423,2018-10-24,54.877499,55.3475,49.712502,49.852501,49.483978,88428800
424,2018-10-25,48.8675,52.4375,48.419998,51.959999,51.575905,95172000
425,2018-10-26,49.577499,51.209999,48.279999,49.572498,49.206043,66478400
426,2018-10-29,50.997501,51.032501,44.002499,46.404999,46.06197,75801600
427,2018-10-30,46.637501,50.849998,46.404999,50.75,50.374855,80719200
428,2018-10-31,52.412498,53.147499,51.002499,52.7075,52.317879,74577200
429,2018-11-01,53.075001,54.622501,51.797501,54.5275,54.124416,56652800
430,2018-11-02,54.432499,55.5,52.552502,53.73,53.332817,45296000
431,2018-11-05,53.5975,53.8325,51.32,52.942501,52.55114,37933200
432,2018-11-06,52.862499,53.712502,52.389999,52.764999,52.374943,29901200
433,2018-11-07,53.4375,54.352501,52.794998,53.447498,53.052402,48381200
434,2018-11-08,52.849998,52.857498,50.9575,51.497501,51.116817,51135200
435,2018-11-09,50.599998,52.330002,50.259998,51.4175,51.037415,41324000
436,2018-11-12,50.494999,50.717499,47.165001,47.384998,47.034714,61711600
437,2018-11-13,48.372501,51.052502,48.310001,49.827499,49.45916,64471200
438,2018-11-14,51.575001,51.720001,48.2075,49.297501,48.933086,52658000
439,2018-11-15,49.237499,51.325001,48.875,50.5975,50.223476,84070800
440,2018-11-16,40.830002,42.665001,40.4025,41.107498,40.803627,196352000
441,2018-11-19,40.447498,40.455002,36.157501,36.174999,35.907585,169782000
442,2018-11-20,33.514999,38.564999,33.327499,37.27,36.994495,169203200
443,2018-11-21,38.654999,38.825001,35.9025,36.177502,35.910065,102549600
444,2018-11-23,35.827499,37.397499,35.697498,36.25,35.982037,41196800
445,2018-11-26,37.4725,38.3675,36.639999,38.262501,37.979656,81483200
446,2018-11-27,38,39.252499,37.637501,38.432499,38.148388,73806000
447,2018-11-28,39.619999,40.07,38.282501,40.017502,39.721684,80452400
448,2018-11-29,40,40.375,39.035,39.34,39.088264,54917200
449,2018-11-30,39.4375,40.965,38.93,40.857498,40.596054,72956400
450,2018-12-03,43.150002,43.669998,41.834999,42.509998,42.23798,89080400
451,2018-12-04,42.060001,42.110001,39.125,39.2775,39.026161,81211200
452,2018-12-06,37.860001,39.622501,37.702499,39.572498,39.319271,69230800
453,2018-12-07,39.615002,39.717499,36.404999,36.9025,36.666359,68167600
454,2018-12-10,36.450001,38.215,36.412498,37.965,37.722065,62947200
455,2018-12-11,38.889999,38.9725,36.25,37.047501,36.810432,67191200
456,2018-12-12,37.105,38.195,36.205002,37.224998,36.986797,65413600
457,2018-12-13,37.697498,38.345001,36.860001,37.2225,36.98431,47138400
458,2018-12-14,36.802502,37.647499,36.375,36.612499,36.378208,47182000
459,2018-12-17,36.310001,37.037498,35.310001,35.895,35.665306,66286800
460,2018-12-18,36.337502,37.5825,36.0625,36.735001,36.499931,56437200
461,2018-12-19,36.395,36.935001,34.107498,34.627499,34.405918,74536400
462,2018-12-20,34.5425,35.450001,33.172501,33.775002,33.558876,74958800
463,2018-12-21,34.0425,34.375,32.115002,32.392502,32.185219,86374000
464,2018-12-24,31.622499,32.494999,31.125,31.77,31.566704,46384000
465,2018-12-26,32.235001,33.285,31.115,33.275002,33.062077,69510000
466,2018-12-27,32.747501,33.095001,31.295,32.7925,32.582661,63704400
467,2018-12-28,33,34.3475,32.577499,33.412498,33.198689,62872800
468,2018-12-31,33.849998,34.177502,33.064999,33.375,33.16143,46514000
469,2019-01-02,32.66,34.619999,32.512501,34.055,33.837074,50875200
470,2019-01-03,33.447498,33.790001,31.922501,31.997499,31.792749,70555200
471,2019-01-04,32.735001,34.432499,32.424999,34.047501,33.829628,58562000
472,2019-01-07,34.625,36.2225,34.107498,35.849998,35.620594,70916000
473,2019-01-08,36.672501,36.695,34.224998,34.9575,34.73381,78601600
474,2019-01-09,35.474998,36.122501,34.965,35.645,35.416904,61726000
475,2019-01-10,35.450001,36.395,34.84,36.307499,36.075165,52315600
476,2019-01-11,36.0825,37.4375,35.802502,37.2075,36.969406,87476400
477,2019-01-14,36.68,37.865002,36.442501,37.610001,37.369328,73016800
478,2019-01-15,37.939999,38.337502,37.282501,37.467499,37.227741,61701200
479,2019-01-16,37.7425,38.075001,37.154999,37.209999,36.971897,47010400
480,2019-01-17,36.877499,38.3325,36.602501,37.93,37.687286,49343600
481,2019-01-18,38.432499,39.494999,37.912498,39.232498,38.981461,65133600
482,2019-01-22,38.927502,39.044998,36.887501,37.192501,36.954506,66155200
483,2019-01-23,37.75,38.645,37.0075,37.322498,37.083675,59102000
484,2019-01-24,38.174999,39.637501,38.127499,39.459999,39.207493,70897200
485,2019-01-25,38.860001,40.220001,37.825001,40.037498,39.7813,115457200
486,2019-01-28,34.137501,35.41,32.75,34.502499,34.281723,251152800
487,2019-01-29,34.037498,34.525002,32.752499,32.900002,32.689472,115393200
488,2019-01-30,33.6675,34.4925,32.865002,34.3475,34.127708,97422800
489,2019-01-31,34.314999,36.297501,34.095001,35.9375,35.707535,84285200
490,2019-02-01,36.125,36.697498,35.645,36.182499,35.95097,62504800
491,2019-02-04,36.342499,37.669998,36.119999,37.294998,37.056343,52859200
492,2019-02-05,37.415001,37.857498,37.075001,37.487499,37.24762,54242400
493,2019-02-06,37.822498,38.900002,37.767502,38.25,38.005238,70246400
494,2019-02-07,37.782501,37.805,36.422501,36.855,36.619167,63712000
495,2019-02-08,36.177502,37.150002,36.032501,37.0425,36.805466,46160400
496,2019-02-11,36.5975,37.145,36.125,36.612499,36.378208,49518000
497,2019-02-12,37,37.950001,36.855,37.7925,37.550667,59106000
498,2019-02-13,38.09,38.9575,37.952499,38.220001,37.975437,60537200
499,2019-02-14,38.209999,38.9175,37.775002,38.6325,38.385284,82726400
500,2019-02-15,40.737499,40.967499,39.105,39.334999,39.083294,151674800
501,2019-02-19,39.227501,39.9725,39.035,39.16,38.909405,55189200
502,2019-02-20,39.455002,40.314999,39.342499,39.637501,39.383862,54098800
503,2019-02-21,39.764999,40.012501,38.794998,38.942501,38.693306,44854800
504,2019-02-22,39.465,39.987499,39.327499,39.797501,39.542835,40174000
505,2019-02-25,40.639999,41.32,39.584999,39.672501,39.418629,65602000
506,2019-02-26,39.625,40.189999,38.9375,39.275002,39.023678,48846400
507,2019-02-27,39.130001,39.397499,38.2775,38.852501,38.603882,50025600
508,2019-02-28,38.75,38.974998,38.34,38.564999,38.357716,32494400
509,2019-03-01,39.067501,39.537498,38.48,39.112499,38.902267,35718800
510,2019-03-04,39.5,39.73,38.625,39.195,38.984318,40999200
511,2019-03-05,39.037498,39.514999,38.490002,39.130001,38.919678,36292400
512,2019-03-06,39.040001,39.125,37.985001,38.012501,37.808182,40352400
513,2019-03-07,37.775002,37.872501,36.849998,37.314999,37.114429,45010400
514,2019-03-08,36.415001,37.767502,36.200001,37.66,37.457573,42241600
515,2019-03-11,37.897499,40.514999,37.422501,40.285,40.068462,85972800
516,2019-03-12,40.564999,41.0975,39.797501,40.630001,40.411613,57957600
517,2019-03-13,41.0075,42.450001,40.932499,42.154999,41.928413,76890000
518,2019-03-14,42.247501,42.3675,41.3125,41.389999,41.16753,51938400
519,2019-03-15,41.825001,42.8825,41.790001,42.452499,42.224316,66148400
520,2019-03-18,42.77,43.3125,41.965,42.237499,42.010475,48699200
521,2019-03-19,43.189999,44.375,43.02,43.927502,43.691391,85497200
522,2019-03-20,44.220001,44.7575,43.25,43.599998,43.36565,71914800
523,2019-03-21,43.8325,46.25,43.782501,45.985001,45.737835,82431200
524,2019-03-22,45.709999,46.200001,44.235001,44.375,44.136482,74764400
525,2019-03-25,43.965,44.612499,42.7775,43.445,43.211487,52521200
526,2019-03-26,44.872501,45.4375,43.650002,44.217499,43.979836,70350800
527,2019-03-27,44.474998,44.942501,43.424999,44.125,43.887833,47437200
528,2019-03-28,44.387501,44.974998,43.7775,44.3125,44.074318,48026400
529,2019-03-29,44.985001,45.134998,44.477501,44.889999,44.648716,45689600
530,2019-04-01,45.814999,45.875,45.092499,45.57,45.325062,48382400
531,2019-04-02,45.8125,46.197498,45.380001,45.75,45.504097,44092000
532,2019-04-03,46.25,47.75,46.200001,47.154999,46.901543,78350400
533,2019-04-04,47,47.4925,46.432499,47.064999,46.812023,45737600
534,2019-04-05,47.5,47.912498,47.1325,47.737499,47.480911,48174400
535,2019-04-08,47.43,48.200001,47.1875,47.947498,47.689785,42419200
536,2019-04-09,47.610001,47.7225,46.889999,47.314999,47.060677,43997200
537,2019-04-10,47.307499,48.285,47.262501,48.025002,47.766872,44477200
538,2019-04-11,48.049999,48.3675,47.387501,47.884998,47.627617,37460000
539,2019-04-12,48.275002,48.314999,47.415001,47.502499,47.247173,47170800
540,2019-04-15,47.424999,47.474998,45.775002,46.174999,45.926807,44009200
541,2019-04-16,46.57,47.2425,46.240002,47.052502,46.799595,39496400
542,2019-04-17,47.404999,47.615002,46.5975,46.822498,46.570827,35100400
543,2019-04-18,46.889999,47.232498,46.294998,46.575001,46.324657,38098800
544,2019-04-22,46.337502,47.275002,46.02,47.1175,46.864235,27993600
545,2019-04-23,47.25,47.982498,47.1525,47.6675,47.411285,34685600
546,2019-04-24,47.772499,48.202499,47.16,47.7925,47.53561,31820400
547,2019-04-25,47.387501,47.612499,45.924999,46.727501,46.476341,49929600
548,2019-04-26,45.177502,45.2225,43.325001,44.522499,44.283192,86898800
549,2019-04-29,44.602501,45.112499,43.875,44.8325,44.591526,39192000
550,2019-04-30,44.5075,45.5075,44.314999,45.25,45.006779,36292000
551,2019-05-01,45.7775,46.202499,45.115002,45.1175,44.874989,35428000
552,2019-05-02,45.215,46.217499,44.779999,45.797501,45.551334,39468400
553,2019-05-03,45.8825,45.982498,45.1325,45.752499,45.506584,33682400
554,2019-05-06,43.875,45.084999,43.5,44.962502,44.720833,42217600
555,2019-05-07,44.474998,44.474998,42.7925,43.2775,43.044884,55522000
556,2019-05-08,43,44.287498,42.880001,43.48,43.246296,41916800
557,2019-05-09,42.785,42.8825,41.349998,42.547501,42.31881,66024800
558,2019-05-10,42.237499,42.897499,41,42.205002,41.978146,56950000
559,2019-05-13,40.875,41.107498,39.452499,39.612499,39.399578,65691200
560,2019-05-14,40.012501,40.865002,39.622501,40.509998,40.292259,52488000
561,2019-05-15,39.950001,40.262501,39.352501,39.895,39.680557,50232000
562,2019-05-16,39.84,40.477501,39.412498,40.047501,39.832245,78108800
563,2019-05-17,39.625,40.927502,38.735001,39.1325,38.922157,102206800
564,2019-05-20,38.137501,38.692501,37.6875,37.9375,37.733593,57206400
565,2019-05-21,38.549999,38.924999,38.16,38.764999,38.556637,36184800
566,2019-05-22,38.375,38.637501,37.939999,38.049999,37.845482,32586800
567,2019-05-23,37.422501,37.422501,36.227501,36.830002,36.632038,59184400
568,2019-05-24,37.02,37.375,36.220001,36.287498,36.092453,35758400
569,2019-05-28,36.465,36.794998,35.8125,35.8325,35.639904,42835600
570,2019-05-29,35.352501,35.705002,34.735001,35.084999,34.89642,55980000
571,2019-05-30,35.077499,35.4375,34.392502,34.7775,34.630054,39430000
572,2019-05-31,34.285,34.962502,33.8475,33.865002,33.721424,38972000
573,2019-06-03,33.977501,34.3675,33.150002,33.445,33.303207,47864400
574,2019-06-04,34.09,35.802502,33.8675,35.75,35.598434,64183600
575,2019-06-05,36.4925,36.547501,34.955002,35.32,35.170254,51161600
576,2019-06-06,35.362499,36.192501,35.337502,35.945,35.792599,40814000
577,2019-06-07,36.005001,36.720001,35.8125,36.375,36.220783,34885600
578,2019-06-10,36.939999,37.797501,36.939999,37.107498,36.950172,40278000
579,2019-06-11,37.709999,38.09,37.290001,37.6875,37.527718,38387200
580,2019-06-12,37.25,37.3125,36.397499,36.549999,36.395039,35889200
581,2019-06-13,36.772499,37.25,36.595001,37.064999,36.907852,30808000
582,2019-06-14,36.127499,36.372501,35.709999,36.16,36.006687,39442800
583,2019-06-17,36.142502,36.630001,35.912498,36.2575,36.103771,27604000
584,2019-06-18,36.875,38.7775,36.764999,38.220001,38.057964,58192000
585,2019-06-19,38.575001,38.689999,38.017502,38.279999,38.117699,33164400
586,2019-06-20,39.192501,39.3325,38.380001,38.525002,38.361664,35016800
587,2019-06-21,38.375,38.869999,37.875,37.939999,37.779144,43442800
588,2019-06-24,38.154999,38.462502,37.68,38.165001,38.003185,28294800
589,2019-06-25,38.215,38.970001,37.842499,37.869999,37.709442,31186800
590,2019-06-26,39.1525,40.43,39.022499,39.814999,39.646198,58407200
591,2019-06-27,40.677502,41,40.314999,40.807499,40.634487,44544000
592,2019-06-28,41.25,41.342499,40.587502,41.057499,40.88343,39766800
593,2019-07-01,43.142502,43.487499,41.165001,41.5425,41.366371,70975600
594,2019-07-02,41.375,41.587502,40.424999,40.557499,40.385551,40022800
595,2019-07-03,40.7925,40.849998,40.084999,40.6875,40.514996,24663600
596,2019-07-05,40.099998,40.145,39.419998,40.057499,39.887672,39655200
597,2019-07-08,39.4575,39.647499,39,39.302502,39.135876,32978800
598,2019-07-09,38.877499,39.610001,38.75,39.327499,39.160763,34286000
599,2019-07-10,39.764999,40.592499,39.625,40.014999,39.845348,45207600
600,2019-07-11,40.75,41.98,40.375,41.57,41.393753,68256000
601,2019-07-12,41.849998,42.6175,41.849998,41.9025,41.72485,50639200
602,2019-07-15,42.115002,42.2775,41.532501,41.817501,41.640209,28984000
603,2019-07-16,41.6675,42.0425,41.209999,41.77,41.592903,34144400
604,2019-07-17,41.787498,42.497501,41.4925,42.427502,42.24762,34820400
605,2019-07-18,42.532501,43.177502,41.962502,42.544998,42.364616,44219200
606,2019-07-19,42.93,42.994999,42.049999,42.110001,41.931465,34489600
607,2019-07-22,42.325001,42.959999,42.25,42.830002,42.648411,31594000
608,2019-07-23,43.224998,43.935001,43.067501,43.915001,43.728813,42817600
609,2019-07-24,44.349998,44.7225,43.584999,44.665001,44.475636,36623600
610,2019-07-25,44.247501,44.375,43.110001,43.345001,43.161232,39270000
611,2019-07-26,43.6175,44.237499,43.6175,43.767502,43.581936,27416000
612,2019-07-29,43.695,43.8675,42.817501,43.705002,43.519703,24816000
613,2019-07-30,43.237499,43.985001,43.092499,43.862499,43.676529,19777200
614,2019-07-31,43.544998,43.555,41.755001,42.18,42.001163,35941600
615,2019-08-01,42.285,43.195,40.705002,41.23,41.055195,42121200
616,2019-08-02,40.297501,40.994999,39.82,40.297501,40.126652,42834800
617,2019-08-05,38.450001,38.462502,37.224998,37.697498,37.537666,58915600
618,2019-08-06,38.450001,38.907501,37.607498,38.087502,37.926018,36127200
619,2019-08-07,37.474998,38.592499,37.299999,38.4725,38.309391,37256000
620,2019-08-08,39.052502,39.577499,38.474998,39.564999,39.397259,30930000
621,2019-08-09,39.1525,39.1875,38.037498,38.544998,38.381584,34181600
622,2019-08-12,38.02,38.544998,37.642502,37.862499,37.701977,27920000
623,2019-08-13,37.8475,39.474998,37.455002,39.012501,38.847099,35195600
624,2019-08-14,38.125,38.237499,37.077499,37.517502,37.35844,41988000
625,2019-08-15,37.7075,37.907501,36.8475,37.192501,37.034817,47720000
626,2019-08-16,39.837502,40.384998,39.220001,39.889999,39.720879,100796000
627,2019-08-19,41.029999,42.855,40.8675,42.695,42.513985,81511200
628,2019-08-20,42.639999,42.645,41.755001,41.967499,41.789574,46318800
629,2019-08-21,42.6325,43.362499,42.415001,42.807499,42.626015,42724400
630,2019-08-22,42.904999,43.3325,42.474998,42.869999,42.688244,30348800
631,2019-08-23,42.099998,42.647499,40.41,40.610001,40.43782,56805600
632,2019-08-26,41.4025,41.645,40.977501,41.362499,41.187134,31820800
633,2019-08-27,41.747501,41.775002,40.154999,40.450001,40.2785,29096800
634,2019-08-28,40.145,40.834999,39.75,40.305,40.173851,25561200
635,2019-08-29,41.224998,42.075001,41.189999,41.75,41.614147,35797600
636,2019-08-30,42.215,42.715,41.695,41.877499,41.74123,29061600
637,2019-09-03,41.145,41.477501,40.8125,41.0425,40.908943,29614000
638,2019-09-04,41.6525,42.264999,41.6525,42.189999,42.052715,22772800
639,2019-09-05,43.217499,44.997501,43.200001,44.935001,44.788784,69567600
640,2019-09-06,44.700001,45.272499,44.279999,44.662498,44.517166,37697600
641,2019-09-09,44.974998,45.994999,44.959999,45.125,44.978157,41752400
642,2019-09-10,44.794998,46.0625,44.697498,45.794998,45.645981,35281200
643,2019-09-11,45.942501,46.567501,45.650002,46.0825,45.932552,36151200
644,2019-09-12,46.549999,47.099998,45.987499,46.067501,45.917599,32784000
645,2019-09-13,45.397499,45.77,45.044998,45.485001,45.336983,32459200
646,2019-09-16,44.73,45.400002,44.625,45.052502,44.905903,23183200
647,2019-09-17,45.119999,45.310001,44.6525,45.267502,45.120201,22304800
648,2019-09-18,45.197498,45.355,44.125,44.994999,44.848587,25815200
649,2019-09-19,45.055,45.240002,44.127499,44.235001,44.091057,24547600
650,2019-09-20,44.224998,44.462502,43.07,43.172501,43.032017,35024400
651,2019-09-23,43.174999,44.1675,43.137501,43.709999,43.567772,24971200
652,2019-09-24,44.025002,44.322498,42.775002,43.1325,42.992149,31726800
653,2019-09-25,43.127499,44.755001,42.677502,44.557499,44.41251,30843200
654,2019-09-26,44.459999,44.547501,43.822498,44.334999,44.190735,23456400
655,2019-09-27,43.915001,44.424999,42.330002,42.939999,42.80027,36205600
656,2019-09-30,43.200001,43.619999,42.884998,43.517502,43.375896,18618400
657,2019-10-01,43.75,45.25,43.452499,43.5,43.358448,36600800
658,2019-10-02,43.279999,43.400002,42.532501,43.259998,43.119228,29337200
659,2019-10-03,43.305,45.389999,43,45.327499,45.180008,45058800
660,2019-10-04,45.349998,45.787498,44.695,45.4925,45.344467,26552400
661,2019-10-07,46.145,47.084999,46.057499,46.0825,45.932552,48098400
662,2019-10-08,45.16,45.16,44.125,44.307499,44.163326,44443600
663,2019-10-09,45.080002,45.674999,44.790001,45.177502,45.030495,29241200
664,2019-10-10,45.154999,46.27,45.102501,45.7575,45.608604,30912400
665,2019-10-11,46.602501,47.334999,46.412498,46.497501,46.346195,44640400
666,2019-10-14,46.41,46.842499,46.0975,46.6325,46.480762,20004000
667,2019-10-15,47.540001,49.822498,47.400002,49.092499,48.932747,66412400
668,2019-10-16,48.75,49.805,48.4375,48.552502,48.394508,42894400
669,2019-10-17,49,49.452499,48.025002,48.572498,48.41444,26343600
670,2019-10-18,48.577499,48.904999,46.875,47.622501,47.467537,30744000
671,2019-10-21,48.240002,49.137501,48.049999,49.002499,48.843033,26186800
672,2019-10-22,49.575001,50.6325,48.825001,48.9025,48.743366,32872000
673,2019-10-23,48.077499,48.915001,47.7575,48.772499,48.613792,27991600
674,2019-10-24,49.1875,49.552502,48.845001,49.215,49.054855,23202000
675,2019-10-25,50.025002,51.345001,49.947498,51.134998,50.968605,42309200
676,2019-10-28,51.575001,52.224998,51.279999,51.697498,51.529274,33079200
677,2019-10-29,51.557499,51.622501,50.535,50.73,50.564922,21123600
678,2019-10-30,51,51.057499,50.064999,50.75,50.584862,20596000
679,2019-10-31,50.540001,50.75,49.452499,50.255001,50.091469,20973200
680,2019-11-01,49.900002,50.9725,49.647499,50.647499,50.482697,28364000
681,2019-11-04,51.462502,52.75,51.23,52.625,52.453754,37671600
682,2019-11-05,52.622501,52.884998,51.919998,52.4025,52.231979,30086800
683,2019-11-06,52.16,52.4175,51.0275,51.907501,51.73859,26901200
684,2019-11-07,52.7775,52.924999,51.634998,52.084999,51.915508,28034000
685,2019-11-08,51.915001,52.262501,51.537498,51.945,51.775967,18910000
686,2019-11-11,51.9375,52.2775,51.07,52.044998,51.875645,24343600
687,2019-11-12,52.43,52.965,52.077499,52.4025,52.231979,28350400
688,2019-11-13,52.087502,52.365002,51.474998,52.142502,51.972836,30018800
689,2019-11-14,52.232498,52.470001,51.630001,52.447498,52.276829,51808000
690,2019-11-15,52.424999,52.945,50.16,51.047501,50.881393,105362800
691,2019-11-18,50.9725,53.337502,50.942501,53.07,52.897305,57458800
692,2019-11-19,52.7575,52.994999,51.412498,51.997501,51.828297,41456400
693,2019-11-20,51.767502,53.637501,51.639999,52.794998,52.623203,47258800
694,2019-11-21,52.75,53.310001,52.327499,52.544998,52.374016,28838800
695,2019-11-22,52.772499,53.240002,52.485001,52.7225,52.550938,22410000
696,2019-11-25,54.009998,55.352501,53.880001,55.302502,55.122543,50647600
697,2019-11-26,55.125,55.172501,54.185001,54.25,54.073467,38524400
698,2019-11-27,54.6675,55.012501,54.294998,54.560001,54.422588,21578400
699,2019-11-29,54.25,54.535,53.945,54.185001,54.048531,14155600
700,2019-12-02,54.115002,54.25,52.16,52.3125,52.180748,37203600
701,2019-12-03,50.467499,51.955002,50.092499,51.915001,51.784252,46523200
702,2019-12-04,52.755001,52.98,52.067501,52.355,52.223141,27342400
703,2019-12-05,52.575001,52.732498,51.877499,52.185001,52.05357,18488400
704,2019-12-06,52.880001,53.372501,52.779999,53.0425,52.908909,23223600
705,2019-12-09,52.8125,53.592499,52.724998,53.0425,52.908909,21188000
706,2019-12-10,53.345001,54.014999,52.814999,53.494999,53.360264,25638800
707,2019-12-11,53.599998,54.389999,53.575001,54.334999,54.198147,23379600
708,2019-12-12,54.044998,56.200001,53.955002,56.017502,55.876415,40434800
709,2019-12-13,56.047501,57.244999,55.455002,55.997501,55.856472,45470400
710,2019-12-16,56.474998,57.014999,56.192501,56.287498,56.145733,32097600
711,2019-12-17,56.474998,57.299999,56.380001,57.072498,56.928753,32119600
712,2019-12-18,57.422501,57.985001,57.337502,57.377499,57.23299,34354800
713,2019-12-19,57.724998,59,57.674999,58.865002,58.716743,44536000
714,2019-12-20,59.532501,60.0975,59.34,59.842499,59.691776,60304400
715,2019-12-23,60.130001,60.452499,59.5975,59.705002,59.554634,35506000
716,2019-12-24,59.549999,59.827499,59.205002,59.654999,59.504753,13886400
717,2019-12-26,59.689999,60.080002,59.5,59.797501,59.646893,18285200
718,2019-12-27,59.950001,60.084999,58.952499,59.217499,59.068352,25464400
719,2019-12-30,58.997501,59.049999,57.764999,58.080002,57.93372,25805600
720,2019-12-31,57.724998,58.919998,57.532501,58.825001,58.676846,23100400
721,2020-01-02,59.6875,59.977501,59.18,59.977501,59.826439,23753600
722,2020-01-03,58.775002,59.4575,58.525002,59.017502,58.868862,20538400
723,2020-01-06,58.080002,59.317501,57.817501,59.264999,59.115738,26263600
724,2020-01-07,59.549999,60.442501,59.0975,59.982498,59.831429,31485600
725,2020-01-08,59.939999,60.509998,59.537498,60.095001,59.943649,27710800
726,2020-01-09,60.962502,61.482498,60.215,60.755001,60.601982,25511200
727,2020-01-10,61.8325,62.137501,60.9375,61.080002,60.926167,31629600
728,2020-01-13,61.915001,63.247501,61.6875,62.994999,62.836346,31984000
729,2020-01-14,62.564999,62.82,61.6875,61.82,61.664299,35908800
730,2020-01-15,61.947498,62.172501,61.1325,61.392502,61.237877,26310400
731,2020-01-16,61.93,62.2925,61.695,62.232498,62.075756,28419200
732,2020-01-17,62.424999,62.5,61.842499,62.32,62.163044,25379200
733,2020-01-21,61.952499,62.322498,61.642502,61.985001,61.828888,21791600
734,2020-01-22,62.439999,63.397499,62.25,62.5275,62.370022,23924000
735,2020-01-23,62.93,63.299999,62.037498,63.215,63.055798,24451600
736,2020-01-24,64.375,64.875,62.075001,62.619999,62.462284,37351200
737,2020-01-27,59.560001,60.5625,58.057499,60.049999,59.898758,47053600
738,2020-01-28,60.712502,62.317501,60.177502,61.9925,61.836365,31097600
739,2020-01-29,61.8475,62.209999,60.985001,61.384998,61.230392,25884800
740,2020-01-30,60.4025,61.587502,59.849998,61.452499,61.297722,29050400
741,2020-01-31,60.9925,61.112499,58.6875,59.107498,58.95863,37042000
742,2020-02-03,58.924999,60.2775,58.862499,60.0825,59.931183,25556400
743,2020-02-04,61.5075,61.974998,61.005001,61.782501,61.626904,27154400
744,2020-02-05,62.997501,63.099998,61.852501,62.689999,62.532108,20822000
745,2020-02-06,63.035,63.5625,62.220001,63.5625,63.402412,21828400
746,2020-02-07,63.16,63.3825,62.642502,62.897499,62.739086,18975200
747,2020-02-10,63.125,65.75,63.075001,65.7425,65.576904,52960800
748,2020-02-11,66.830002,68.125,66.207497,66.972504,66.803825,63855600
749,2020-02-12,67.502502,68.199997,67.112503,68.135002,67.963402,37464400
750,2020-02-13,67.552498,68.370003,67.277496,67.695,67.524506,52801600
751,2020-02-14,71.815002,73.7425,71.5,72.447502,72.26503,104192400
752,2020-02-18,71.410004,74.327499,71.214996,74.142502,73.955772,62016400
753,2020-02-19,75.372498,78.852501,75.372498,78.675003,78.476852,69433200
754,2020-02-20,78.192497,79.080002,74.087502,77.175003,76.980629,81005200
755,2020-02-21,76.047501,76.300003,72.665001,73.517502,73.332329,76818000
756,2020-02-24,67.547501,70.467499,67,68.32,68.147942,85691600
757,2020-02-25,69.074997,69.697502,64.489998,65.512497,65.347504,105549600
758,2020-02-26,65.514999,68.862503,65.5,66.912498,66.743973,74773200
759,2020-02-27,63.724998,66.75,62.2225,63.150002,63.028633,90641600
760,2020-02-28,60.615002,68.114998,60.447498,67.517502,67.387733,113325200
761,2020-03-02,69.224998,69.397499,65.25,69.107498,68.974678,89074400
762,2020-03-03,69.667503,70.267502,65.614998,66.472504,66.344749,65279200
763,2020-03-04,67.550003,71.222504,66.800003,71.127502,70.990799,59740800
764,2020-03-05,69.125,70.800003,67.875,68.322502,68.191193,54032800
765,2020-03-06,66.519997,67.097504,64.5,66.510002,66.382172,51541200
766,2020-03-09,59.974998,64.849998,59.544998,61.360001,61.242073,61416000
767,2020-03-10,64.135002,65.269997,61.497501,65.269997,65.144539,58064800
768,2020-03-11,63.865002,64.150002,60.642502,61.6175,61.499077,49996400
769,2020-03-12,56.365002,59.029999,53.950001,54.077499,53.973564,81654000
770,2020-03-13,57.625,60.255001,54.9025,60.209999,60.09428,63483600
771,2020-03-16,53.102501,56.525002,48.5,49.099998,49.005634,72697200
772,2020-03-17,50.227501,55.215,47.75,54.317501,54.213108,83363200
773,2020-03-18,50.025002,52.485001,45.169998,50.705002,50.607548,87426800
774,2020-03-19,50.490002,54.182499,48.3475,53.2425,53.140167,76551200
775,2020-03-20,54.75,57.580002,51.282501,51.4375,51.338642,80463600
776,2020-03-23,51.427502,54.119999,49.630001,53.172501,53.070305,64387600
777,2020-03-24,57.25,63.165001,57.012501,62.294998,62.17527,110164400
778,2020-03-25,63.450001,65.455002,60.915001,61.404999,61.28698,79343200
779,2020-03-26,63.485001,65.555,62.5,64.309998,64.186394,69610800
780,2020-03-27,62.5,65.779999,62.169998,63.182499,63.061062,63882800
781,2020-03-30,63.84,66.489998,63.397499,66.397499,66.26989,60225200
782,2020-03-31,66.800003,68.849998,64.4375,65.900002,65.773354,94996000
783,2020-04-01,63.912498,65.3825,60.32,60.767502,60.650707,65691200
784,2020-04-02,61.060001,64,60.577499,63.8675,63.744751,67576400
785,2020-04-03,63.490002,63.907501,59.5975,60.977501,60.860306,66321200
786,2020-04-06,63.810001,67.470001,63.232498,67.099998,66.971031,72788400
787,2020-04-07,69.324997,69.5625,64.324997,64.7575,64.633034,78452000
788,2020-04-08,65.852501,66.987503,65.150002,66.737503,66.609245,54244400
789,2020-04-09,68,68.230003,65.105003,65.737503,65.611153,52556400
790,2020-04-13,65.137497,67.550003,64.25,67.462502,67.332848,39840800
791,2020-04-14,68.75,71.330002,68.472504,70.987503,70.851074,53094800
792,2020-04-15,69.300003,71.042503,68.845001,70.209999,70.075058,36614800
793,2020-04-16,71.769997,74.75,71.637497,73.675003,73.533394,74562000
794,2020-04-17,74.5,74.714996,71.735001,73.080002,72.939552,53912000
795,2020-04-20,71.809998,73.375,71.317497,71.762497,71.624573,44938800
796,2020-04-21,70.577499,71.192497,66.777496,67.377502,67.248009,73516000
797,2020-04-22,69.307503,71.967499,68.849998,71.537498,71.400009,48335600
798,2020-04-23,71.959999,73.285004,70.75,71.002502,70.866035,42416000
799,2020-04-24,70.900002,72.417503,70.150002,72.397499,72.258347,35232800
800,2020-04-27,73.747498,75.875,73.5,74.269997,74.127258,47938800
801,2020-04-28,75.75,76.050003,72.785004,72.839996,72.699997,44290400
802,2020-04-29,74.192497,75.144997,73.4375,74.614998,74.471603,37916000
803,2020-04-30,74.072502,74.614998,72.93,73.07,72.929558,37591600
804,2020-05-01,71.087502,72.224998,70.209999,70.695,70.559128,34209600
805,2020-05-04,70.220001,72.959999,70.220001,72.822502,72.682549,31755600
806,2020-05-05,73.8675,75.067497,72.822502,73.434998,73.293854,36889600
807,2020-05-06,74.232498,75.5,73.852501,74.447502,74.304413,32346400
808,2020-05-07,75.845001,76.852501,75.330002,76.217499,76.071014,37373200
809,2020-05-08,76.9375,78.1875,76.597504,78.125,77.974854,33921600
810,2020-05-11,78.074997,81.125,77.787498,80.654999,80.499985,46906000
811,2020-05-12,81.235001,81.724998,77.927498,78.025002,77.875046,49306000
812,2020-05-13,79.175003,80.785004,75.947502,77.800003,77.650475,62585200
813,2020-05-14,78.417503,80.360001,76.875,80.305,80.150658,60231200
814,2020-05-15,78.897499,85.004997,78.739998,84.907501,84.744316,98766000
815,2020-05-18,87.605003,89.165001,86.805,87.502502,87.334328,77446000
816,2020-05-19,87.902496,90.875,87.627502,88.055,87.885765,71732000
817,2020-05-20,89.910004,90.43,88.887497,89.699997,89.527596,58753600
818,2020-05-21,90.514999,90.525002,87.375,87.752502,87.583832,76106800
819,2020-05-22,88.252502,90.93,87.1325,90.262497,90.089012,103876400
820,2020-05-26,91.567497,91.817497,86.720001,87.177498,87.009941,77078000
821,2020-05-27,86.25,86.327499,79.967499,85.252502,85.088654,117589200
822,2020-05-28,84.122498,87.605003,83.792503,84.870003,84.706894,73489600
823,2020-05-29,85.544998,88.754997,84.849998,88.754997,88.584404,74525600
824,2020-06-01,88.332497,88.407501,86.894997,88.0625,87.89325,38987600
825,2020-06-02,87.962502,88.372498,86.580002,88.252502,88.082886,39132000
826,2020-06-03,88.222504,88.662498,87,87.695,87.526443,36544000
827,2020-06-04,87.279999,89.432503,86.775002,87.665001,87.53643,42428000
828,2020-06-05,87.945,89.970001,87.080002,89.199997,89.069191,48174800
829,2020-06-08,88.772499,88.897499,86.857498,88.050003,87.920883,38773600
830,2020-06-09,88,91.097504,87.512497,90.459999,90.327339,46848800
831,2020-06-10,91.677498,95,91.535004,93.667503,93.530144,63218000
832,2020-06-11,91.5,92.612503,87.860001,87.962502,87.833504,58365200
833,2020-06-12,91.625,91.872498,87.032501,89.324997,89.194,57090800
834,2020-06-15,88.152496,91.822502,87.4375,91.737503,91.602974,40000400
835,2020-06-16,92.25,92.667503,88.387497,90.684998,90.552002,53571600
836,2020-06-17,91.137497,92.989998,90.702499,92.360001,92.224556,40830400
837,2020-06-18,92.269997,92.824997,91.144997,92.18,92.044823,25440800
838,2020-06-19,92.425003,94.449997,92.272499,92.612503,92.4767,52416000
839,2020-06-22,93,95.3125,92.732498,95.267502,95.1278,39846800
840,2020-06-23,95.510002,96.425003,94.074997,94.5,94.361427,37510800
841,2020-06-24,94.762497,95.565002,91.445,92.355003,92.219574,44937200
842,2020-06-25,93.557503,95.050003,91.822502,94.900002,94.760834,37607200
843,2020-06-26,95,95,91.25,91.550003,91.415741,59208400
844,2020-06-29,91.697502,92.044998,89,92,91.865097,34224800
845,2020-06-30,93.139999,95.262497,92.665001,94.977501,94.838219,36789200
846,2020-07-01,95.207497,95.7575,94.129997,95.300003,95.160248,32664800
847,2020-07-02,96.389999,97.375,95.782501,96.122498,95.981537,36405600
848,2020-07-06,97.417503,99.087502,97.125,98.392502,98.248207,31589200
849,2020-07-07,99.462502,100.699997,98.5075,98.717499,98.572731,35780000
850,2020-07-08,99.9375,102.25,99.654999,102.160004,102.010185,36548000
851,2020-07-09,103.802498,105.699997,102.334999,105.089996,104.93589,49454800
852,2020-07-10,105.887497,106.552498,103.787498,104.792503,104.638832,49767600
853,2020-07-13,105.949997,107.922501,100.25,100.522499,100.375084,45707600
854,2020-07-14,100.75,104.027496,97.855003,103.769997,103.617828,54267600
855,2020-07-15,104.142502,104.330002,100.557503,102.272499,102.12252,40398400
856,2020-07-16,100.150002,102.067497,98.955002,101.347504,101.198883,34496400
857,2020-07-17,102.254997,102.485001,100.877502,102.014999,101.865395,26628400
858,2020-07-20,102.7425,105.3125,101.567497,105.107498,104.953354,28485200
859,2020-07-21,105.129997,105.599998,102.8675,103.285004,103.133545,27703600
860,2020-07-22,103.675003,106.025002,102.915001,104.387497,104.234413,36729200
861,2020-07-23,104.5,105.470001,100.3125,101.297501,101.148949,41166000
862,2020-07-24,98.75,103.647499,97.769997,101.945,101.795494,47329200
863,2020-07-27,102.322502,104.417503,102.177498,104.214996,104.062172,29213200
864,2020-07-28,103.7425,103.82,102.092499,102.154999,102.005188,27163600
865,2020-07-29,103.907501,105.162498,103.470001,104.654999,104.501534,28450800
866,2020-07-30,103.75,106.230003,102.952499,106.139999,105.984344,30888000
867,2020-07-31,105.6325,107.665001,104.330002,106.147499,105.991837,38608000
868,2020-08-03,107.324997,110.987503,107.152496,110.102501,109.94104,41272000
869,2020-08-04,110.5,112.277496,109.059998,112.277496,112.112854,31033600
870,2020-08-05,112.440002,113.717499,111.662498,112.8675,112.701981,24992400
871,2020-08-06,113.497498,113.580002,111.787498,113.355003,113.188774,24431600
872,2020-08-07,113.125,115.047501,110.375,111.995003,111.830772,34251600
873,2020-08-10,113.342499,114.082497,108.565002,111.650002,111.486275,42779600
874,2020-08-11,110.737503,111.3675,107.957497,108.5,108.340889,35451200
875,2020-08-12,109.907501,114.669998,109.582497,114.402496,114.234718,46441200
876,2020-08-13,115.459999,117.217499,113.557503,114.43,114.262192,37446000
877,2020-08-14,115.300003,117.047501,114.404999,115.639999,115.470413,36643600
878,2020-08-17,118.512497,124.097504,118.172501,123.370003,123.189079,62130000
879,2020-08-18,124.5,124.959999,120.862503,122.607498,122.427696,50344800
880,2020-08-19,122.964996,123.150002,120.980003,121.385002,121.207001,62262400
881,2020-08-20,119.75,123.75,118.787498,121.410004,121.231964,92138800
882,2020-08-21,122.017502,128.087494,121.952499,126.834999,126.648987,99986800
883,2020-08-24,128.837494,129.125,125.074997,127.202499,127.015961,49056400
884,2020-08-25,126.307503,127.612503,125.737503,127.5,127.313011,28907600
885,2020-08-26,127.9925,128.684998,126.777496,127.730003,127.542686,32124400
886,2020-08-27,127.815002,128.5,125.665001,126.282501,126.097305,31760400
887,2020-08-28,126.75,131.479996,126.425003,131.477493,131.284683,53716000
888,2020-08-31,131.827499,135.75,130.377502,133.744995,133.548843,50084000
889,2020-09-01,134.800003,139.9375,134.365005,138.210007,138.048615,51131600
890,2020-09-02,147.037506,147.267502,139,143.464996,143.297455,87401200
891,2020-09-03,138.287506,138.845001,128.787506,130.154999,130.003006,94512800
892,2020-09-04,127.837502,131.75,117.047501,126.224998,126.077606,146368400
893,2020-09-08,117.345001,125.5,117.042503,119.129997,118.990883,79572800
894,2020-09-09,124,128.092499,122.317497,127.150002,127.001526,73620000
895,2020-09-10,129.892502,130.652496,121.669998,123.1175,122.973732,69868400
896,2020-09-11,124.855003,126.525002,118.957497,121.644997,121.502945,63692800
897,2020-09-14,130.809998,133.149994,126.3125,128.722504,128.572205,120174400
898,2020-09-15,132.800003,132.987503,128.277496,129.910004,129.758316,72755600
899,2020-09-16,129.572495,130.927505,125.137497,125.144997,124.998863,55638400
900,2020-09-17,121.322502,125.897499,120.347504,124.635002,124.489456,79251200
901,2020-09-18,125.9375,126.324997,119.887497,121.892502,121.75016,69846000
902,2020-09-21,119.25,125.224998,119.044998,125.172501,125.026337,72104400
903,2020-09-22,125.75,126.480003,121.555,126.377502,126.229927,64645200
904,2020-09-23,125.754997,127.269997,120.792503,121.237503,121.095932,64701200
905,2020-09-24,120.722504,125.695,120.139999,123.480003,123.335815,73124000
906,2020-09-25,124.474998,128.835007,122.457497,128.737503,128.587158,58801600
907,2020-09-28,130.402496,130.517502,127.5,130.350006,130.1978,57380800
908,2020-09-29,129.375,134.427505,129.332504,132.257507,132.103088,62146000
909,2020-09-30,131.574997,136.225006,131.502502,135.304993,135.146988,68918400
910,2020-10-01,137.580002,137.627502,134.607498,136.145004,135.986023,52500400
911,2020-10-02,132.25,135.195007,130.509995,130.622498,130.469971,55249600
912,2020-10-05,132.360001,136.442505,132.227493,136.425003,136.265686,47982000
913,2020-10-06,138.300003,141.419998,136.649994,137.365005,137.204605,78442000
914,2020-10-07,139.997498,141.192505,138.634995,139.639999,139.476929,41808400
915,2020-10-08,140.75,140.845001,137.580002,138.387497,138.225891,37890000
916,2020-10-09,137.669998,138.242493,136.607498,137.627502,137.466797,34689200
917,2020-10-12,139.895004,143.470001,139.125,142.259995,142.093872,43474400
918,2020-10-13,142.964996,143.485001,140.1875,142.482498,142.316132,34460400
919,2020-10-14,142.904999,143.427505,139.600006,140.952499,140.787903,27610000
920,2020-10-15,138.107498,140.057495,137.677505,139.699997,139.53688,26722400
921,2020-10-16,140.367493,141.214996,137.925003,138.115005,137.953735,24239200
922,2020-10-19,139.029999,139.835007,134.067505,134.977493,134.81987,29806800
923,2020-10-20,135.835007,137.997498,135.070007,136.455002,136.29567,22921200
924,2020-10-21,136.25,137.914993,134.774994,135.247498,135.089569,21959600
925,2020-10-22,135.225006,136.117493,132.317505,133.610001,133.453979,29048000
926,2020-10-23,134.5,135.932495,132.912506,135.902496,135.743805,23348400
927,2020-10-26,134.270004,136.927505,130.384995,131.412506,131.259033,33689600
928,2020-10-27,133.059998,134.419998,131.914993,133.967499,133.811066,25052000
929,2020-10-28,131.979996,132.600006,126.089996,126.269997,126.122551,37652000
930,2020-10-29,128.384995,131.927505,127.5,130.240005,130.087921,32008000
931,2020-10-30,128.5,129.365005,123,125.339996,125.193634,41682000
932,2020-11-02,126.577499,128.367493,123.949997,125.807503,125.660599,29965200
933,2020-11-03,127.084999,131.050003,126.027496,130.195007,130.042969,27290000
934,2020-11-04,133.892502,138.274994,133.369995,137.942505,137.781418,41022800
935,2020-11-05,141.625,143.389999,139.910004,141.600006,141.434662,31902800
936,2020-11-06,141.097504,145.887497,138.949997,145.619995,145.449936,38334800
937,2020-11-09,145.524994,146.914993,136.107498,136.307495,136.148331,58297600
938,2020-11-10,136.065002,136.065002,126.282501,127.699997,127.550873,64406800
939,2020-11-11,130.537506,134.350006,129.482498,134.179993,134.0233,40474400
940,2020-11-12,134.789993,137.660004,133.160004,134.567505,134.410355,36581200
941,2020-11-13,136.272507,136.6875,130.592499,132.970001,132.814728,34631200
942,2020-11-16,131.725006,136.494995,131.559998,135.152496,134.994659,41377600
943,2020-11-17,135.524994,135.962494,133.037506,134.222504,134.065765,31202800
944,2020-11-18,134.652496,136.057495,131.850006,134.287506,134.130692,51092400
945,2020-11-19,132.127502,134.875,131,134.402496,134.245544,56593600
946,2020-11-20,134.539993,134.945007,130.649994,130.877502,130.724686,34108800
947,2020-11-23,131.712494,133.824997,130.154999,131.399994,131.246567,36135600
948,2020-11-24,131.425003,131.619995,128.850006,129.577499,129.426193,34650000
949,2020-11-25,130.324997,132.695007,130.199997,132.347504,132.192963,25991600
950,2020-11-27,133.75,134.074997,131.705002,132.612503,132.457657,16727600
951,2020-11-30,132.649994,134.125,129.722504,134.014999,133.85849,28695200
952,2020-12-01,134.922501,135.287506,132.282501,133.899994,133.743637,29694800
953,2020-12-02,133.505005,136.735001,132.342499,135.445007,135.28685,28336000
954,2020-12-03,135.875,136.600006,133.289993,133.960007,133.843109,19952000
955,2020-12-04,134.485001,135.600006,133.887497,135.582504,135.464203,20224400
956,2020-12-07,136.012497,137.3125,135,136.067505,135.948776,22324400
957,2020-12-08,135.850006,135.987503,132.815002,133.5,133.383499,27192000
958,2020-12-09,133.005005,134.139999,128.682495,129.307495,129.194641,40130000
959,2020-12-10,128.690002,130.6875,128.494995,129.722504,129.609299,20776400
960,2020-12-11,129.672501,130.199997,128.229996,130.132507,130.018951,20926400
961,2020-12-14,130.880005,133.887497,130.774994,133.087494,132.971375,27015600
962,2020-12-15,134.397507,134.639999,131.867493,133.604996,133.488403,19301600
963,2020-12-16,134.225006,134.372498,132.125,132.425003,132.309448,22311600
964,2020-12-17,133.667496,133.794998,131.785004,133.412506,133.296097,23138400
965,2020-12-18,133.789993,134.050003,130.705002,132.720001,132.604187,34206400
966,2020-12-21,130.747498,133.699997,129.675003,133.322495,133.206161,30233200
967,2020-12-22,133.192505,133.372498,130.539993,132.782501,132.666626,18558000
968,2020-12-23,132.559998,132.75,130.050003,130.092499,129.978989,17914400
969,2020-12-24,130.372498,131.324997,129.387497,129.9375,129.824112,9788400
970,2020-12-28,130.625,130.625,127.6325,129,128.887421,21256400
971,2020-12-29,129.25,130.725006,128.422501,129.432495,129.31955,17037200
972,2020-12-30,129.902496,132.137497,128.967499,131.457504,131.342789,22539600
973,2020-12-31,131.365005,131.509995,129.149994,130.550003,130.436081,19242400
974,2021-01-04,131.042496,136.524994,129.625,131.134995,131.020554,56064000
975,2021-01-05,130.997498,134.434998,130.869995,134.047501,133.930511,32276000
976,2021-01-06,132.225006,132.449997,125.860001,126.144997,126.034927,58042400
977,2021-01-07,129.675003,133.777496,128.865005,133.440002,133.323547,46148000
978,2021-01-08,133.625,134.210007,130.419998,132.767502,132.651627,29252800
979,2021-01-11,134.1875,139.610001,133.625,136.214996,136.09613,51834400
980,2021-01-12,137.524994,137.544998,133.449997,134.847504,134.729813,29147600
981,2021-01-13,134.899994,136.25,133.850006,135.317505,135.199432,21002800
982,2021-01-14,135.75,135.997498,131.804993,132.002502,131.887314,28312000
983,2021-01-15,132.279999,133.252502,128.485001,128.595001,128.482788,27778000
984,2021-01-19,130.162506,130.940002,128.440002,130.252502,130.138824,22618800
985,2021-01-20,131.117493,134.304993,130.567505,133.657501,133.540863,25857200
986,2021-01-21,134.184998,139.992493,132.529999,138.675003,138.554001,33778000
987,2021-01-22,137.399994,138.417496,136.272507,137.125,137.005341,24682000
988,2021-01-25,137.817505,138.285004,132.365005,136.532501,136.413361,25111200
989,2021-01-26,135.804993,136.447495,133.875,134.352493,134.235245,16398000
990,2021-01-27,132.300003,132.327499,127.9375,129.177505,129.064774,37127200
991,2021-01-28,129.962494,133.397507,129.604996,130.509995,130.396088,22831600
992,2021-01-29,130.75,133.347504,129.115005,129.897507,129.784149,27155200
993,2021-02-01,130.532501,132.707504,129.027496,132.369995,132.254471,21720400
994,2021-02-02,133.987503,135.720001,132.854996,135.567505,135.449203,22044000
995,2021-02-03,136.360001,139.317505,135.164993,135.304993,135.18692,24540800
996,2021-02-04,135.309998,136.735001,133.377502,136.642502,136.52327,20134000
997,2021-02-05,137.25,137.372498,135.457504,135.910004,135.791397,16915200
998,2021-02-08,137.272507,144.737503,137.272507,144.387497,144.261505,43462400
999,2021-02-09,143.407501,145.832504,142.225006,142.632507,142.508026,28756000
1000,2021-02-10,144.632507,149.050003,143.414993,147.642502,147.513657,48535200
1001,2021-02-11,149.802505,152.722504,149.25,152.507507,152.37442,45082800
1002,2021-02-12,150.5,152.912506,147.75,149.612503,149.481949,37475600
1003,2021-02-16,150.642502,153.725006,149.5,153.302505,153.168716,32196000
1004,2021-02-17,151.710007,152.235001,147.800003,149.059998,148.929932,27475600
1005,2021-02-18,147.289993,148.732498,145.75,148.289993,148.160583,23386800
1006,2021-02-19,150.244995,151.770004,148.467499,149.264999,149.13475,27172400
1007,2021-02-22,147.747498,151.332504,143.25,143.557495,143.43222,32588400
1008,2021-02-23,140.752502,142.387497,133.895004,141.419998,141.296585,39178000
1009,2021-02-24,141.227493,145.067505,137.559998,144.990005,144.86348,44832000
1010,2021-02-25,140.455002,143.747498,132.162506,133.074997,132.958878,82443600
1011,2021-02-26,137.524994,138.544998,133.610001,137.145004,137.02533,50093200
1012,2021-03-01,138.75,139.25,135.532501,138.417496,138.296722,35318400
1013,2021-03-02,139,139.205002,133.960007,134.0625,133.945511,26411600
1014,2021-03-03,134.262497,134.514999,127.987503,128.047501,127.93576,37759200
1015,2021-03-04,128.007507,129.75,120.837502,123.702499,123.594551,57334400
1016,2021-03-05,125.5,125.5,116.792503,124.614998,124.506256,54284000
1017,2021-03-08,124.5,124.712502,115.665001,115.932503,115.831329,54311200
1018,2021-03-09,121.302498,126.167503,120.592499,125.202499,125.136421,52182400
1019,2021-03-10,128.404999,129.800003,124.574997,124.682503,124.616699,38437600
1020,2021-03-11,129.5,130.462494,127.345001,129.934998,129.866425,29991600
1021,2021-03-12,126.482498,128.887497,125.900002,128.559998,128.492157,24396400
1022,2021-03-15,128.647507,132.067505,127.672501,131.912506,131.84288,22198800
1023,2021-03-16,133.565002,135.125,131.167496,132.912506,132.842361,27212800
1024,2021-03-17,130.397507,134.532501,129.895004,133.412506,133.342102,24386400
1025,2021-03-18,131.365005,131.839996,127.169998,127.224998,127.157852,29389600
1026,2021-03-19,127.5,129.214996,126.125,128.457504,128.389709,29920800
1027,2021-03-22,129.127502,133.945007,129.067505,131.862503,131.792908,29780400
1028,2021-03-23,132.542496,133.445007,130.212494,130.707504,130.638519,22204800
1029,2021-03-24,131.512497,131.592499,126.3675,126.43,126.363274,24584000
1030,2021-03-25,124.995003,127.147499,122.720001,125.352501,125.286346,29514400
1031,2021-03-26,125.544998,128.5625,123.735001,128.392502,128.324738,36396800
1032,2021-03-29,128.202499,130.625,127,129.482498,129.414169,27352000
1033,2021-03-30,128.419998,129.752502,127.050003,128.717499,128.649567,20020400
1034,2021-03-31,130.154999,134.705002,129.824997,133.482498,133.412048,31477600
1035,2021-04-01,135.722504,138.699997,135.112503,138.117493,138.044586,30827600
1036,2021-04-05,138.675003,140.139999,137.330002,139.875,139.801178,25567200
1037,2021-04-06,139.997498,140.542496,137.735001,138.615005,138.541855,19174400
1038,2021-04-07,138.807495,142.434998,137.115005,141.434998,141.360352,25128400
1039,2021-04-08,142.527496,144.714996,142.490005,143.169998,143.094437,24441600
1040,2021-04-09,142.139999,144.080002,141.75,144,143.924011,19517200
1041,2021-04-12,142.897507,153.524994,141.392502,152.089996,152.00972,86932400
1042,2021-04-13,152.315002,157,151.257507,156.794998,156.71225,67621200
1043,2021-04-14,156.25,157.205002,152.274994,152.770004,152.689377,38550000
1044,2021-04-15,156.625,162.142502,156.315002,161.372498,161.287338,59848000
1045,2021-04-16,160.529999,161.657501,158.652496,159.125,159.041031,33520800
1046,2021-04-19,155.365005,158.074997,152.330002,153.617493,153.536407,40442000
1047,2021-04-20,153.232498,154.970001,149.630005,151.712494,151.632416,33413200
1048,2021-04-21,151.1875,153.625,151.022507,153.604996,153.523941,21677600
1049,2021-04-22,153.75,154.384995,147.835007,148.502502,148.424118,27778800
1050,2021-04-23,149.342499,153.350006,149.002502,152.652496,152.571945,22750000
1051,2021-04-26,151.850006,154.789993,151.25,154.779999,154.698318,19779600
1052,2021-04-27,155.785004,156.705002,153.544998,153.817505,153.736313,16457200
1053,2021-04-28,153.645004,155.322495,152.154999,152.767502,152.686874,20941600
1054,2021-04-29,154,154.365005,150.714996,153.247498,153.166626,17319600
1055,2021-04-30,151.744995,153.649994,149.970001,150.095001,150.015778,20191200
1056,2021-05-03,151.25,152.467499,147.875,148.367493,148.289185,20391200
1057,2021-05-04,146.372498,146.375,140.102493,143.512497,143.436752,40532400
1058,2021-05-05,147.089996,148.134995,143.875,144.585007,144.508698,29202400
1059,2021-05-06,144.952499,145.712494,142.179993,145.229996,145.153336,19338000
1060,2021-05-07,148.082504,149.707504,146.717499,148.122498,148.044327,22932800
1061,2021-05-10,147.872498,148.059998,142.5,142.657501,142.582214,26890400
1062,2021-05-11,138.25,143.547501,137.5,143.0625,142.987,28558400
1063,2021-05-12,140.095001,142.602493,137.092499,137.585007,137.512405,30340800
1064,2021-05-13,140.337494,140.807495,134.589996,136.652496,136.580368,28540400
1065,2021-05-14,138.899994,143.279999,137.485001,142.429993,142.354828,25861600
1066,2021-05-17,141.570007,141.692505,138.535004,141.654999,141.580246,21698000
1067,2021-05-18,142.669998,144.042496,140.039993,140.157501,140.083527,18625600
1068,2021-05-19,135.664993,140.794998,135.432495,140.657501,140.583267,34400000
1069,2021-05-20,143.024994,146.837494,142.705002,146.125,146.047882,32159200
1070,2021-05-21,151.637497,152.220001,148.695007,149.917496,149.838379,67299200
1071,2021-05-24,152.125,157.449997,151.759995,156.119995,156.037598,55481600
1072,2021-05-25,157.660004,158.184998,154.824997,156.477493,156.394897,43540800
1073,2021-05-26,157.342499,157.9375,155.862503,157,156.917145,37044000
1074,2021-05-27,156.997498,157.5,154.600006,154.880005,154.798264,58147600
1075,2021-05-28,155.009995,162.774994,155.009995,162.445007,162.359268,64453600
1076,2021-06-01,162.699997,163.882507,159.032501,162.645004,162.559174,47280400
1077,2021-06-02,162.522507,169.1875,162.354996,167.782501,167.693954,59416800
1078,2021-06-03,167.007507,172.589996,165.830002,169.697495,169.607941,58000800
1079,2021-06-04,171.125,176.610001,170.955002,175.782501,175.689728,61712000
1080,2021-06-07,175.712494,178.125,171.927505,176.190002,176.097015,57575600
1081,2021-06-08,175.272507,176.214996,172.509995,174.570007,174.477875,32384800
1082,2021-06-09,175.157501,175.75,172.557495,173.582504,173.530655,38165600
1083,2021-06-10,173.5,174.919998,171.759995,174.25,174.197952,28777200
1084,2021-06-11,174.794998,179.392502,174.4375,178.252502,178.199249,41630800
1085,2021-06-14,179.059998,180.395004,176.627502,180.1875,180.133682,32137600
1086,2021-06-15,179.149994,180.162506,177.279999,177.884995,177.831863,24303200
1087,2021-06-16,177.907501,179.547501,175.845001,178.102493,178.049286,30712400
1088,2021-06-17,177.744995,188.350006,177.5625,186.572495,186.516754,80965600
1089,2021-06-18,187.839996,193.75,185.839996,186.387497,186.331818,96885600
1090,2021-06-21,184.352493,185.365005,178.227493,184.272507,184.217468,67238400
1091,2021-06-22,184.714996,189.637497,183.860001,188.867493,188.811081,58014400
1092,2021-06-23,190.077499,191.527496,189.077499,190.572495,190.515564,33235600
1093,2021-06-24,192.277496,194.199997,190.882507,192.054993,191.99762,32092400
1094,2021-06-25,192.804993,193.455002,188.945007,190.309998,190.253143,27836400
1095,2021-06-28,193.612503,200.787506,193.190002,199.850006,199.790314,49543600
1096,2021-06-29,198.824997,200.987503,196.570007,200.267502,200.207672,36763200
1097,2021-06-30,199.992493,201.625,198.637497,200.024994,199.96524,32656800
1098,2021-07-01,201.25,204.559998,200.190002,202.119995,202.059631,48013600
1099,2021-07-02,204.402496,205.052505,202.877502,204.869995,204.808807,34276400
1100,2021-07-06,207.375,208.419998,203.502502,206.985001,206.923172,44670800
1101,2021-07-07,208.535004,208.75,203.320007,203.717499,203.656647,41842800
1102,2021-07-08,198.565002,201.330002,197.007507,199.027496,198.968033,50330000
1103,2021-07-09,199.625,200.802505,197.542496,200.502502,200.442612,29662400
1104,2021-07-12,202.399994,205.327499,201.877502,205.125,205.063721,32198400
1105,2021-07-13,204.005005,204.612503,201.139999,202.5,202.439514,29070800
1106,2021-07-14,203.577499,204.177505,197.527496,198.414993,198.355713,38010000
1107,2021-07-15,198.117493,198.470001,188.585007,189.662506,189.605865,55056400
1108,2021-07-16,190.304993,191.570007,180.729996,181.610001,181.555756,68822400
1109,2021-07-19,179.152496,190.419998,178.654999,187.797501,187.741394,74906000
1110,2021-07-20,187.300003,188.380005,181.639999,186.119995,186.064392,43468700
1111,2021-07-21,188.820007,195.270004,187.419998,194.100006,194.042023,37101700
1112,2021-07-22,196.419998,198.869995,192.759995,195.940002,195.88147,32382600
1113,2021-07-23,196.559998,197,192.5,195.580002,195.521576,19567200
1114,2021-07-26,193.110001,194.419998,189.139999,192.940002,192.88237,20394300
1115,2021-07-27,192.649994,196.220001,187.410004,192.080002,192.022629,24886300
1116,2021-07-28,193.190002,196.460007,189.949997,195.029999,194.971725,20219100
1117,2021-07-29,195.190002,198.529999,193.279999,196.619995,196.561264,19078100
1118,2021-07-30,194.179993,196.300003,192.630005,194.990005,194.931763,18322900
1119,2021-08-02,197,199.610001,193.610001,197.5,197.44101,21744400
1120,2021-08-03,197.399994,202.220001,192.199997,198.149994,198.09079,30181100
1121,2021-08-04,199.899994,203.179993,198.279999,202.740005,202.679443,23130900
1122,2021-08-05,205,207.330002,203.419998,206.369995,206.308334,21143500
1123,2021-08-06,205.240005,205.699997,202.100006,203.660004,203.599167,17825500
1124,2021-08-09,204.460007,205.080002,201.429993,202.949997,202.889374,14644300
1125,2021-08-10,203.220001,204.300003,198.350006,199.360001,199.300446,17923800
1126,2021-08-11,200.429993,200.490005,194.300003,196.990005,196.931168,18592500
1127,2021-08-12,198.699997,200.289993,196.199997,199.050003,198.99054,15165200
1128,2021-08-13,199.050003,202.139999,198.509995,201.880005,201.819702,18282500
1129,2021-08-16,201.350006,202.869995,194.529999,199.5,199.440414,21087600
1130,2021-08-17,196.850006,197.699997,192.669998,194.580002,194.521881,20458500
1131,2021-08-18,195,196.339996,190,190.399994,190.343124,28591300
1132,2021-08-19,194.940002,204.949997,187.619995,197.979996,197.920853,76655500
1133,2021-08-20,199.910004,208.649994,199.330002,208.160004,208.097824,67503900
1134,2021-08-23,209.710007,219.970001,209.5,219.580002,219.51442,57580700
1135,2021-08-24,217.529999,219.589996,215.350006,217.929993,217.864899,29729900
1136,2021-08-25,217.369995,224.699997,217.220001,222.130005,222.063644,34770100
1137,2021-08-26,222,223.399994,217.899994,220.679993,220.614075,23794000
1138,2021-08-27,221.839996,227.220001,221.669998,226.360001,226.292374,30426700
1139,2021-08-30,228.300003,230.429993,225.509995,226.880005,226.812225,26258000
1140,2021-08-31,226.949997,226.949997,221.199997,223.850006,223.822601,25985000
1141,2021-09-01,224.850006,226.970001,223.570007,224.410004,224.382523,20176700
1142,2021-09-02,225.179993,225.929993,222.949997,223.960007,223.932587,18783400
1143,2021-09-03,223.25,229.860001,222,228.429993,228.402023,28053200
1144,2021-09-07,228.330002,228.990005,225.220001,226.619995,226.592255,19810700
1145,2021-09-08,225.130005,226.100006,219.770004,223.389999,223.362656,25443400
1146,2021-09-09,223.119995,225.380005,221.309998,221.770004,221.742859,19685600
1147,2021-09-10,223.479996,226.259995,222.699997,224.779999,224.752472,24814900
1148,2021-09-13,226.839996,229.639999,218.580002,221.520004,221.492889,29750000
1149,2021-09-14,222.75,224.100006,220.860001,222.419998,222.392761,19975500
1150,2021-09-15,223.089996,223.669998,219.660004,223.410004,223.382645,16653800
1151,2021-09-16,221.830002,222.770004,219.270004,222.419998,222.392761,15603300
1152,2021-09-17,223,223.210007,218.300003,219,218.97319,29450300
1153,2021-09-20,211.460007,214.330002,206.619995,211.130005,211.104156,34944000
1154,2021-09-21,214.169998,214.25,209.5,212.460007,212.43399,20468800
1155,2021-09-22,213.660004,219.600006,211.960007,219.410004,219.383148,26872600
1156,2021-09-23,221.399994,225.350006,218.899994,224.820007,224.79248,24855500
1157,2021-09-24,220.699997,221.490005,218.610001,220.809998,220.782959,21765500
1158,2021-09-27,217.100006,217.990005,213.25,216.600006,216.573486,24521500
1159,2021-09-28,212.139999,214.190002,206.509995,206.990005,206.964661,34306900
1160,2021-09-29,209.399994,210.169998,204.669998,205.169998,205.144882,21839400
1161,2021-09-30,207.679993,210.660004,206.880005,207.160004,207.134644,22080400
1162,2021-10-01,207.5,208.589996,202.029999,207.419998,207.394608,24097800
1163,2021-10-04,205.039993,205.419998,195.550003,197.320007,197.295853,34563500
1164,2021-10-05,199.5,206.479996,198.539993,204.509995,204.484955,27928200
1165,2021-10-06,201.199997,207.199997,200.800003,207,206.974655,29720200
1166,2021-10-07,210.919998,213.220001,209.720001,210.75,210.724197,25691900
1167,2021-10-08,211.009995,212.059998,207.75,208.309998,208.2845,15102500
1168,2021-10-11,205.75,210.630005,205.110001,206.949997,206.924667,16338800
1169,2021-10-12,208.279999,210.570007,205.279999,206.710007,206.684692,16213400
1170,2021-10-13,209.179993,209.899994,207.130005,209.389999,209.364365,18065200
1171,2021-10-14,212.880005,217.550003,211.220001,217.460007,217.43338,24358900
1172,2021-10-15,218.100006,219.309998,216.619995,218.619995,218.593231,22679500
1173,2021-10-18,217.490005,222.910004,216.440002,222.220001,222.192795,18949400
1174,2021-10-19,222.759995,223.789993,220.369995,222.899994,222.872711,16147300
1175,2021-10-20,223.050003,224.330002,219.820007,221.029999,221.002945,14627600
1176,2021-10-21,220.970001,227.110001,220.830002,226.919998,226.892212,18759000
1177,2021-10-22,228.229996,231.300003,225.610001,227.259995,227.232178,24938400
1178,2021-10-25,229.729996,233.550003,227.699997,231.660004,231.631638,23023500
1179,2021-10-26,239.889999,252.589996,239.240005,247.169998,247.13974,48589800
1180,2021-10-27,244.740005,250.899994,242.820007,244.509995,244.480057,24599000
1181,2021-10-28,248.779999,249.5,245.229996,249.410004,249.379471,23420400
1182,2021-10-29,250.009995,257.089996,250,255.669998,255.638702,29213700
1183,2021-11-01,256.48999,258.940002,252.270004,258.269989,258.238373,26574000
1184,2021-11-02,258.220001,266.779999,258,264.01001,263.977692,29411200
1185,2021-11-03,266.700012,267.839996,262.350006,265.980011,265.947449,23991000
1186,2021-11-04,272.290009,313.649994,271.179993,298.01001,297.973511,115363100
1187,2021-11-05,301.869995,314,294.100006,297.519989,297.483551,85072800
1188,2021-11-08,301.48999,311,299.070007,308.040009,308.002289,50310100
1189,2021-11-09,322.820007,323.100006,299.640015,306.570007,306.532471,64674600
1190,2021-11-10,293.559998,308.5,287.779999,294.589996,294.553925,63620600
1191,2021-11-11,304.679993,305.899994,297.769989,303.899994,303.862793,33217200
1192,2021-11-12,300.100006,306.799988,296.299988,303.899994,303.862793,41215100
1193,2021-11-15,305.519989,306.440002,292.470001,300.25,300.213226,38490900
1194,2021-11-16,297.589996,303.899994,297.059998,302.029999,301.993011,26448400
1195,2021-11-17,304.179993,305.089996,288,292.609985,292.574158,42850800
1196,2021-11-18,323.670013,327.600006,313.209991,316.75,316.711212,78171100
1197,2021-11-19,322.429993,330.880005,319.049988,329.850006,329.809631,53386700
1198,2021-11-22,335.170013,346.470001,319,319.559998,319.520874,75433500
1199,2021-11-23,315.350006,323.600006,308.799988,317.459991,317.421112,53216300
1200,2021-11-24,314.609985,328.549988,309.279999,326.73999,326.699982,43516200
1201,2021-11-26,326,327.100006,313.5,315.029999,314.991425,28306900
1202,2021-11-29,323.660004,334.119995,320.359985,333.76001,333.719147,45496400
1203,2021-11-30,331.690002,333.529999,318.640015,326.76001,326.720001,62206600
1204,2021-12-01,332.190002,332.890015,313.799988,314.350006,314.350006,48436800
1205,2021-12-02,312.140015,324.779999,310.25,321.26001,321.26001,47289000
1206,2021-12-03,320,321.290009,301.299988,306.929993,306.929993,54382300
1207,2021-12-06,298.799988,302.410004,280.380005,300.369995,300.369995,65893800
1208,2021-12-07,309.570007,324.48999,306.51001,324.269989,324.269989,59305300
1209,2021-12-08,319.98999,322.899994,314.209991,318.26001,318.26001,47555100
1210,2021-12-09,317.339996,322.049988,304.279999,304.899994,304.899994,48850700
1211,2021-12-10,311.5,313.049988,298.609985,301.980011,301.980011,48850500
1212,2021-12-13,302.48999,302.940002,281.160004,281.609985,281.609985,59834400
1213,2021-12-14,276.98999,286.779999,272.5,283.369995,283.369995,66703500
1214,2021-12-15,284,305,278.380005,304.589996,304.589996,69829700
1215,2021-12-16,311.519989,311.600006,280.929993,283.869995,283.869995,70736600
1216,2021-12-17,279.850006,289.220001,277.600006,278.01001,278.01001,71375800
1217,2021-12-20,273.049988,281.440002,271.450012,277.190002,277.190002,46184700
1218,2021-12-21,283.73999,291.200012,274.01001,290.75,290.75,52438500
1219,2021-12-22,288.910004,295.549988,284.48999,294,294,39518400
1220,2021-12-23,297.549988,300.589996,294.309998,296.399994,296.399994,34302200
1221,2021-12-27,296.600006,310.869995,296.399994,309.450012,309.450012,40368600
1222,2021-12-28,313.119995,313.299988,300.119995,303.220001,303.220001,42059100
1223,2021-12-29,302.730011,305.480011,293.660004,300.01001,300.01001,34313900
1224,2021-12-30,298.269989,304.570007,295.399994,295.859985,295.859985,30886400
1225,2021-12-31,296.73999,300.299988,293.309998,294.109985,294.109985,26653000
1226,2022-01-03,298.149994,307.109985,297.850006,301.209991,301.209991,39154700
1227,2022-01-04,302.769989,304.679993,283.48999,292.899994,292.899994,52715400
1228,2022-01-05,289.48999,294.160004,275.329987,276.040009,276.040009,49806400
1229,2022-01-06,276.399994,284.380005,270.649994,281.779999,281.779999,45418600
1230,2022-01-07,281.410004,284.220001,270.570007,272.470001,272.470001,40920100
1231,2022-01-10,265.809998,274.690002,256.440002,274,274,59468100
1232,2022-01-11,273.230011,280.649994,268.390015,278.170013,278.170013,40408900
1233,2022-01-12,280.670013,285.950012,276.079987,279.98999,279.98999,38341300
1234,2022-01-13,283.790009,284.799988,264.980011,265.75,265.75,54017100
1235,2022-01-14,263,271.970001,262.100006,269.420013,269.420013,39522800
1236,2022-01-18,262.600006,266.380005,257.700012,259.029999,259.029999,42427000
1237,2022-01-19,260.790009,265.429993,250.520004,250.669998,250.669998,48831500
1238,2022-01-20,253.039993,255.789993,240.779999,241.5,241.5,43518100
1239,2022-01-21,235.070007,248.229996,232.630005,233.740005,233.740005,71895800
1240,2022-01-24,223.300003,233.800003,208.880005,233.720001,233.720001,91398200
1241,2022-01-25,225.460007,229.429993,220,223.240005,223.240005,66461600
1242,2022-01-26,232.399994,240.570007,223,227.720001,227.720001,75595900
1243,2022-01-27,235.679993,239.949997,216.75,219.440002,219.440002,57335300
1244,2022-01-28,220.119995,228.580002,212.960007,228.399994,228.399994,54377400
1245,2022-01-31,231.820007,245.089996,230.520004,244.860001,244.860001,56468000
1246,2022-02-01,251.039993,251.449997,238.899994,246.380005,246.380005,51892500
1247,2022-02-02,257.940002,258.170013,245.529999,252.419998,252.419998,54341900
1248,2022-02-03,244.580002,250.770004,237.800003,239.479996,239.479996,41017800
1249,2022-02-04,239.720001,246.350006,236.320007,243.190002,243.190002,35432800
1250,2022-02-07,243.720001,251.820007,242.020004,247.279999,247.279999,37686800
1251,2022-02-08,243.589996,252.300003,239.800003,251.080002,251.080002,41035900
1252,2022-02-09,256.220001,267.25,253.529999,267.049988,267.049988,52428200
1253,2022-02-10,259.950012,269.25,256,258.23999,258.23999,51320000
1254,2022-02-11,259.160004,261.519989,237.729996,239.490005,239.490005,60424800
1255,2022-02-14,239.339996,248.75,237.550003,242.669998,242.669998,44042400
1256,2022-02-15,249.490005,265.450012,247.839996,264.950012,264.950012,70175300
1257,2022-02-16,262.589996,265.820007,255.520004,265.109985,265.109985,73267600
1258,2022-02-17,256.299988,257.850006,241.649994,245.070007,245.070007,81059500
1259,2022-02-18,246.679993,249.860001,231,236.419998,236.419998,75966400
